original_test_index,text,label
91,"Does solid culture for tuberculosis influence clinical decision making in India? [SEP] Medical units at an academic tertiary referral hospital in Southern India. To investigate the impact of solid culture on Löwenstein-Jensen medium on clinical decision making. In a retrospective review of 150 culture-positive and 150 culture-negative consecutively sampled tuberculosis (TB) suspects, treatment decisions were analysed at presentation, after the availability of culture detection results and after the availability of drug susceptibility testing (DST) culture results. A total of 124 (82.7%) culture-positive patients and 35 (23.3%) culture-negative patients started anti-tuberculosis treatment prior to receiving their culture results; 101 patients (33.7%) returned for their results; two (1.3%) initiated treatment based on positive culture and no culture-negative patients discontinued treatment. DST was performed on 119 (79.3%) positive cultures: 30 (25.2%) showed any resistance, eight (6.7%) showed multidrug resistance and one (0.84%) showed extensively drug-resistant TB. Twenty-eight patients (23.5%) returned for their DST results. Based on DST, treatment was modified in four patients (3.4%).",2
63,"Two-year follow-up survey of patients with allergic contact dermatitis from an occupational cohort: is the prognosis dependent on the omnipresence of the allergen? [SEP] Skin diseases are the most frequently recognized occupational diseases in Denmark. The prognosis for occupational contact dermatitis is often poor. To investigate the prognosis, assessed by eczema, job status and skin-related quality of life, among patients allergic to rubber chemicals and latex (ubiquitous allergens) and epoxy (nonubiquitous allergen), 2 years after recognition of occupational allergic contact dermatitis. From a cohort of all patients recognized as having occupational dermatitis by the Danish National Board of Industrial Injuries in 2010, 199 patients with relevant rubber allergy (contact allergy to rubber chemicals or contact urticaria from latex) or epoxy allergy were identified. Follow-up consisted of a questionnaire covering current severity of eczema, employment, exposure and quality of life. The response rate was 75%. Clearance of eczema was reported by 11% of patients and 67% reported improvement. Overall 22% of patients with allergy to a nonubiquitous allergen had total clearance of eczema compared with 10% of cases allergic to ubiquitous allergens and 0% of those with contact urticaria (P = 0·116). Improvement was significantly more frequent in those who had changed jobs compared with those who had not (P = 0·01).",0
139,"Can bedside assessment reliably exclude aspiration following acute stroke? [SEP] To investigate the ability of a bedside swallowing assessment to reliably exclude aspiration following acute stroke. Consecutive patients admitted within 24 h of stroke onset to two hospitals. A prospective study. Where possible, all patients had their ability to swallow assessed on the day of admission by both a doctor and a speech and language therapist using a standardized proforma. A videofluoroscopy examination was conducted within 3 days of admission. 94 patients underwent videofluoroscopy; 20 (21%) were seen to be aspirating, although this was not detected at the bedside in 10. In 18 (22%) of the patients the speech and language therapist considered the swallow to be unsafe. In the medical assessment, 39 patients (41%) had an unsafe swallow. Bedside assessment by a speech and language therapist gave a sensitivity of 47%, a specificity of 86%, positive predictive value (PPV) of 50% and a negative predictive value (NPV) of 85% for the presence of aspiration. Multiple logistic regression was used to identify the optimum elements of the bedside assessments for predicting the presence of aspiration. A weak voluntary cough and any alteration in conscious level gave a sensitivity of 75%, specificity of 72%, PPV of 41% and NPV of 91% for aspiration.",1
104,"Does the bracket-ligature combination affect the amount of orthodontic space closure over three months? [SEP] To investigate the effect of bracket-ligature combination on the amount of orthodontic space closure over three months. Randomized clinical trial with three parallel groups. A hospital orthodontic department (Chesterfield Royal Hospital, UK). Forty-five patients requiring upper first premolar extractions. Informed consent was obtained and participants were randomly allocated into one of three groups: (1) conventional pre-adjusted edgewise brackets and elastomeric ligatures; (2) conventional pre-adjusted edgewise brackets and Super Slick(®) low friction elastomeric ligatures; (3) Damon 3MX(®) passive self-ligating brackets. Space closure was undertaken on 0·019×0·025-inch stainless steel archwires with nickel-titanium coil springs. Participants were recalled at four weekly intervals. Upper alginate impressions were taken at each visit (maximum three). The primary outcome measure was the mean amount of space closure in a 3-month period. A one-way ANOVA was undertaken [dependent variable: mean space closure (mm); independent variable: group allocation]. The amount of space closure was very similar between the three groups (1 mm per 28 days); however, there was a wide variation in the rate of space closure between individuals. The differences in the amount of space closure over three months between the three groups was very small and non-significant (P = 0·718).",1
93,"Could Adult European Pharmacoresistant Epilepsy Patients Be Treated With Higher Doses of Zonisamide? [SEP] To examine the clinical effect (efficacy and tolerability) of high doses of zonisamide (ZNS) (>500 mg/d) in adult patients with pharmacoresistant epilepsy. Between 2006 and 2013, all epileptic outpatients treated with high doses of ZNS were selected. Safety and efficacy were assessed based on patient and caregiver reports. Serum levels of ZNS and other concomitant antiepileptic drugs were evaluated if available. Nine patients (5 female): 8 focal/1 generalized pharmacoresistant epilepsy. Mean age: 34 years. Most frequent seizure type: complex partial seizures; other seizure types: generalized tonic-clonic, tonic, myoclonia. Zonisamide in polytherapy in all (100%), administered in tritherapy in 3 (33%) of 9 patients; mean dose: 633 (600-700) mg/d; efficacy (>50% seizure reduction) was observed in 5 (55%) of 9 patients. Five of 9 patients are still taking high doses of ZNS (more than 1 year). Adverse events were observed in 3 (37%) of 8 patients. Good tolerance to high doses of other antiepileptic drugs had been observed in 6 (66%) of 9 patients. Plasma levels of ZNS were only available in 2 patients; both were in the therapeutic range (34.95, 30.91) (10-40 mg/L).",0
102,"Do general practitioner hospitals reduce the utilisation of general hospital beds? [SEP] To assess whether populations with access to general practitioner hospitals (GP hospitals) utilise general hospitals less than populations without such access. Observational study comparing the total rates of admissions and of occupied bed days in general hospitals between populations with and without access to GP hospitals. Comparisons were also made separately for diagnoses commonly encountered in GP hospitals. Two general hospitals serving the population of Finnmark county in north Norway. 35,435 admissions based on five years' routine recordings from the two hospitals. The total rate of admission to general hospitals was lower in peripheral municipalities with a GP hospital than in central municipalities without this kind of institution, 26% and 28% lower for men and women respectively. The corresponding differences were 38% and 52%, when analysed for occupied bed days. The differences were most pronounced for patients with respiratory diseases, cardiac failure, and cancer who are primarily or intermediately treated or cared for in GP hospitals, and for patients with stroke and fractures, who are regularly transferred from general hospitals to GP hospitals for longer term follow up care.",0
26,"Substance use and HIV-related sexual behaviors among US high school students: are they related? [SEP] This study was undertaken to examine whether use of alcohol, cigarettes, marijuana, cocaine, and other illicit drugs is related to the likelihood of sexual behaviors that increase risk for human immunodeficiency virus (HIV) infection among youth. The 1990 national Youth Risk Behavior Survey was used to collect self-reported information about a broad range of health risk behaviors from a representative sample of 11,631 high school students in the United States. Students who reported no substance use were least likely to report having had sexual intercourse, having had four or more sex partners, and not having used a condom at last sexual intercourse. Adjusted for age, sex, and race/ethnicity, odds ratios for each of these sexual risk behaviors were greatest among students who had used marijuana, cocaine, or other illicit drugs. Students who had used only alcohol or cigarettes had smaller but still significant increases in the likelihood of having had sexual intercourse and of having had four or more sex partners.",0
60,"Is perforation of the appendix a risk factor for tubal infertility and ectopic pregnancy? [SEP] To critically assess the evidence that appendiceal perforation is a risk factor for subsequent tubal infertility or ectopic pregnancy. Epidemiologic studies investigating the relationship between appendectomy and infertility or ectopic pregnancy were identified by searching the MEDLINE database from 1966 to 1997. Appropriate citations were also extracted from a manual search of the bibliographies of selected papers. Twenty-three articles were retrieved. Only 4 presented original data including comparisons to a nonexposed control group and they form the basis for this study. Because the raw data or specific techniques of data analysis were not always explicitly described, indices of risk for exposure were extracted from the data as presented and were analysed without attempting to convert them to a common measure. Articles were assessed according to the criteria of the Evidence-Based Medicine Working Group for evaluating articles on harm. Review of the literature yielded estimates of the risk of adverse fertility outcomes ranging from 1.6 (95% confidence interval [CI] 1.1 to 2.5) for ectopic pregnancy after an appendectomy to 4.8 (95% CI 1.5 to 14.9) for tubal infertility from perforation of the appendix. Recall bias, and poor adjustment for confounding variables in some reports, weakened the validity of the studies.",2
70,"Marital status, living arrangement and mortality: does the association vary by gender? [SEP] Men appear to benefit more from being married than women with respect to mortality in middle age. However, there is some uncertainty about gender differences in mortality risks in older individuals, widowed, divorced and single individuals and about the impact of living arrangements. Longitudinal data with 1990 census records being linked to mortality data up to 2005 were used (Swiss National Cohort). The sample comprised all residents over age 44 years in Switzerland (n=2,440,242). All-cause mortality HRs for marital status and living arrangements were estimated by Cox regression for men and women and different age groups with adjustment for education and socio-professional category. The benefit of being married was stronger for men than for women; however, mortality patterns were similar, with higher mortality in divorced and single individuals compared with widowed individuals (<80 years). After adjustment for living arrangements, the gender difference by marital status disappeared. Stratification by living arrangement revealed that mortality risks were highest for 45-64-year-old divorced (HR 1.72 (95% CI 1.67 to 1.76)) and single men (HR 1.67 (95% CI 1.63 to 1.71)) who lived alone. In women of the same age, the highest mortality risk was observed for those who were single and living with a partner (HR 1.70 (95% CI 1.58 to 1.82)). In older age groups, the impact of marital status decreased.",0
15,"Visceral adipose tissue area measurement at a single level: can it represent visceral adipose tissue volume? [SEP] Measurement of visceral adipose tissue (VAT) needs to be accurate and sensitive to change for risk monitoring. The purpose of this study is to determine the CT slice location where VAT area can best reflect changes in VAT volume and body weight. 60 plain abdominal CT images from 30 males [mean age (range) 51 (41-68) years, mean body weight (range) 71.1 (101.9-50.9) kg] who underwent workplace screenings twice within a 1-year interval were evaluated. Automatically calculated and manually corrected areas of the VAT of various scan levels using ""freeform curve"" region of interest on CT were recorded and compared with body weight changes. The strongest correlations of VAT area with VAT volume and body weight changes were shown in a slice 3 cm above the lower margin of L3 with r values of 0.853 and 0.902, respectively.",0
62,"Are environmental factors important in primary systemic vasculitis? [SEP] To investigate the association between primary systemic vasculitis (PSV) and environmental risk factors. Seventy-five PSV cases and 273 controls (220 nonvasculitis, 19 secondary vasculitis, and 34 asthma controls) were interviewed using a structured questionnaire. Factors investigated were social class, occupational and residential history, smoking, pets, allergies, vaccinations, medications, hepatitis, tuberculosis, and farm exposure in the year before symptom onset (index year). The Standard Occupational Classification 2000 and job-exposure matrices were used to assess occupational silica, solvent, and metal exposure. Stepwise multiple logistic regression was used to calculate the odds ratio (OR) and 95% confidence interval (95% CI) adjusted for potential confounders. Total PSV, subgroups (47 Wegener's granulomatosis [WG], 12 microscopic polyangiitis, 16 Churg-Strauss syndrome [CSS]), and antineutrophil cytoplasmic antibody (ANCA)-positive cases were compared with control groups. Farming in the index year was significantly associated with PSV (OR 2.3 [95% CI 1.2-4.6]), with WG (2.7 [1.2-5.8]), with MPA (6.3 [1.9-21.6]), and with perinuclear ANCA (pANCA) (4.3 [1.5-12.7]). Farming during working lifetime was associated with PSV (2.2 [1.2-3.8]) and with WG (2.7 [1.3-5.7]). Significant associations were found for high occupational silica exposure in the index year (with PSV 3.0 [1.0-8.4], with CSS 5.6 [1.3-23.5], and with ANCA 4.9 [1.3-18.6]), high occupational solvent exposure in the index year (with PSV 3.4 [0.9-12.5], with WG 4.8 [1.2-19.8], and with classic ANCA [cANCA] 3.9 [1.6-9.5]), high occupational solvent exposure during working lifetime (with PSV 2.7 [1.1-6.6], with WG 3.4 [1.3-8.9], and with cANCA 3.3 [1.0-10.8]), drug allergy (with PSV 3.6 [1.8-7.0], with WG 4.0 [1.8-8.7], and with cANCA 4.7 [1.9-11.7]), and allergy overall (with PSV 2.2 [1.2-3.9], with WG 2.7 [1.4-5.7]). No other significant associations were found.",0
105,"Is zero central line-associated bloodstream infection rate sustainable? [SEP] Adoption and implementation of evidence-based measures for catheter care leads to reductions in central line-associated bloodstream infection (CLABSI) rates in the NICU. The purpose of this study is to evaluate whether this rate reduction is sustainable for at least 1 year and to identify key determinants of this sustainability at the NICU of the Floating Hospital for Children at Tufts Medical Center. We reviewed the incidence of CLABSIs in the NICU temporally to the implementation of new practice policies and procedures, from July 2008 to December 2013. Adoption of standardized care practices, including bundles and checklists, was associated with a significant reduction of the CLABSI rate to zero for>370 consecutive days in our NICU in 2012. Overall, our CLABSI rates decreased from 4.1 per 1000 line days in 2009 (13 infections; 3163 line days) to 0.94 in 2013 (2 infections; 2115 line days), which represents a 77% reduction over a 5-year period. In the first quarter of 2013, there was a brief increase in CLABSI rate to 3.3 per 1000 line days; after a series of interventions, the CLABSI rate was maintained at zero for>600 days. Ongoing training, surveillance, and vigilance with catheter insertion and maintenance practices and improved documentation were identified as key drivers for success.",0
55,"Schizophrenia patients with high intelligence: A clinically distinct sub-type of schizophrenia? [SEP] Schizophrenia patients are typically found to have low IQ both pre- and post-onset, in comparison to the general population. However, a subgroup of patients displays above average IQ pre-onset. The nature of these patients' illness and its relationship to typical schizophrenia is not well understood. The current study sought to investigate the symptom profile of high-IQ schizophrenia patients. We identified 29 schizophrenia patients of exceptionally high pre-morbid intelligence (mean estimated pre-morbid intelligence quotient (IQ) of 120), of whom around half also showed minimal decline (less than 10 IQ points) from their estimated pre-morbid IQ. We compared their symptom scores (SAPS, SANS, OPCRIT, MADRS, GAF, SAI-E) with a comparison group of schizophrenia patients of typical IQ using multinomial logistic regression. The patients with very high pre-morbid IQ had significantly lower scores on negative and disorganised symptoms than typical patients (RRR=0.019; 95% CI=0.001, 0.675, P=0.030), and showed better global functioning and insight (RRR=1.082; 95% CI=1.020, 1.148; P=0.009). Those with a minimal post-onset IQ decline also showed higher levels of manic symptoms (RRR=8.213; 95% CI=1.042, 64.750, P=0.046).",0
9,"Is intraoperative neuromonitoring associated with better functional outcome in patients undergoing open TME? [SEP] Intraoperative neuromonitoring (IONM) aims to control nerve-sparing total mesorectal excision (TME) for rectal cancer in order to improve patients' functional outcome. This study was designed to compare the urogenital and anorectal functional outcome of TME with and without IONM of innervation to the bladder and the internal anal sphincter. A consecutive series of 150 patients with primary rectal cancer were analysed. Fifteen match pairs with open TME and combined urogenital and anorectal functional assessment at follow up were established identical regarding gender, tumour site, tumour stage, neoadjuvant radiotherapy and type of surgery. Urogenital and anorectal function was evaluated prospectively on the basis of self-administered standardized questionnaires, measurement of residual urine volume and longterm-catheterization rate. Newly developed urinary dysfunction after surgery was reported by 1 of 15 patients in the IONM group and by 6 of 15 in the control group (p = 0.031). Postoperative residual urine volume was significantly higher in the control group. At follow up impaired anorectal function was present in 1 of 15 patients undergoing TME with IONM and in 6 of 15 without IONM (p = 0.031). The IONM group showed a trend towards a lower rate of sexual dysfunction after surgery.",0
61,"Is a mandatory general surgery rotation necessary in the surgical clerkship? [SEP] Changes in the spectrum of general surgery and the delivery of surgical care have placed the requirement for a mandatory general surgery rotation in the surgical clerkship in question. We tested the hypothesis that equal mastery of surgical clerkship objectives can be obtained in a clerkship with and without general surgery. Students chose any two surgical rotations and were assessed by written examination, objective structured clinical examination (OSCE), ward evaluations, self-assessment objectives questionnaire, and satisfaction survey. Data for 54 students showed no differences in scores between groups on any parameter. No specific concerns related to the absence of general surgery were identified.",1
83,"Recurrent spontaneous abortion and skewed X-inactivation: is there an association? [SEP] The purpose of this study was to determine whether there is an association between skewed X-inactivation and recurrent spontaneous abortion in a large, well-defined sample of women with recurrent loss. X-chromosome inactivation patterns were compared in 5 groups of women. Group 1 (recurrent spontaneous abortion) consisted of 357 women with 2 or more spontaneous losses. In group 2 (infertility), there were 349 subjects from infertility practices recruited at the time of a positive serum beta-human chorionic gonadotropin. Group 3 (spontaneous abortion) women (n = 81) were recruited at the time of an ultrasound diagnosis of an embryonic demise or an anembryonic gestation. Groups 4 (primiparous) and 5 (multiparous) were healthy pregnant subjects previously enrolled in another study to determine the incidence and cause of pregnancy complications, such as preeclampsia and intrauterine growth restriction. The Primiparous group included 114 women in their first pregnancy, whereas the Multiparous group consisted of 79 women with 2 or more pregnancies but without pregnancy loss. The rate of extreme skewing (90% or greater) in the recurrent spontaneous abortion population was 8.6%, and not statistically different from any of the other groups, except the Primiparous group (1.0%, P<.01). The incidence of X-inactivation skewing of 90% or greater was no different whether there had been at least 1 live birth (9.9%), or no previous live births and at least 3 losses (5.6%, P>.05). When age and skewing of 90% or greater are compared, subjects with extreme skewing have a mean age of 2 years older than those without extreme skewing (P<.05).",1
48,"Diagnostic characteristics of child bipolar I disorder: does the ""Treatment of Early Age Mania (team)"" sample generalize? [SEP] To examine the representativeness of a randomized controlled trial (RCT) sample versus one obtained by consecutive new case ascertainment, for subjects with child bipolar I disorder. Subjects (N = 247) were outpatients who participated in either the National Institute of Mental Health-funded Phenomenology and Course of Pediatric Bipolar Disorders study or the Treatment of Early Age Mania (TEAM) study. Both studies required that subjects have current DSM-IV bipolar I disorder (manic or mixed phase) and a Children's Global Assessment Scale (CGAS) score<or=60. All subjects had elation and/or grandiosity. Subjects in the Phenomenology study were obtained from 1995 to 1998 by consecutive new case ascertainment from designated pediatric and psychiatric facilities. Subjects in the TEAM RCT were recruited from media and community sources between March 2003 and March 2005. Assessment instruments included the Washington University in St. Louis Kiddie Schedule for Affective Disorders and Schizophrenia, given separately to parents about their children and to children about themselves, and the CGAS. Logistic regression was used for comparisons. The TEAM and Phenomenology groups were similar in age (10.4 [SD = 2.3], 10.9 [SD = 2.3]years, respectively) and other demography. Both had long current episode duration (4.8 [SD = 2.4], 3.2 [SD = 2.3]years) and low lifetime use of any mood stabilizer (23.6%, 35.0%). Many mania symptoms and ultradian rapid cycling, psychosis, and suicidality were significantly more prevalent in the RCT sample.",0
6,"The HELPP syndrome--evidence of a possible systemic inflammatory response in pre-eclampsia? [SEP] The principal causes of morbidity and mortality during pregnancy in Mexico, are preeclampsia/eclampsia, obstetric hemorrhage and puerperium complications; this is, 62% of maternal deaths in last years. HELLP syndrome was observed between 5 to 25% of the mortality in pregnancies of 36 weeks or less. To analyze patients with HELLP syndrome in ICU's (Intensive Care Unit) of a Gynecology and Obstetric Hospital, related to the abnormal hematological, hepatic and renal results with the obstetric case history and the clinical complications. A transversal study in patients with HELLP syndrome during 1998 and 1999 were carry out. Peripheral blood with Microangiopathic hemolysis, elevated liver enzymes: AST, ALT over 40 UI/L, even when were LDH lower than 600 UI/L. It was evaluated the hepatic and renal function, platelets count, microangiopathic hemolysis, arterial pressure, seizures, icteric skin color, blindness, visual disturbances, nausea, vomiting and upper quadrant right abdominal pain. In newborn we analyzed gestational age, sex, weight and APGAR. We studied for an association between maternal and biochemical variables with Correlation Pearson Test, and dependence between variables with lineal regression model. 2878 patients with hypertensives disorders in pregnancy (11.64%). The 1.15% (n = 33) had HELLP syndrome with specific maternal mortality of 0.4 per 10,000 live birth, perinatal mortality of 1.62 per 10,000 live birth; and renal damage in 84.5%. Coefficient beta was higher between number of pregnancies to platelets count (-0.33) and creatinine clearance (-0.401).",0
47,"Cycloplegic autorefraction in young adults: is it mandatory? [SEP] The precise correction of refractive error is especially important in young adults. It is unclear whether cycloplegic refraction is necessary in this age group. The purpose of this study was to compare the non-cycloplegic and cycloplegic spherical equivalent (SE) refractive error measured in young adults. This was a prospective study of 1400 eyes (n = 700) of enlisted soldiers aged 18 to 21 years who were consecutively evaluated in an outpatient army ophthalmology clinic. One drop of cyclopentolate 1 % was installed twice 10 min apart, and cycloplegic refraction was performed in both eyes 40 min later using an auto-refractor. The difference between non-cycloplegic and cycloplegic refractive measurements was analyzed. The mean difference in SE between non-cycloplegic and cycloplegic measurements was 0.68 ± 0.83 D (95 % CI, 0.64-0.72). Significantly greater differences were observed in hypermetropes than myopes (1.30 ± 0.90 D versus 0.46 ± 0.68 D, p < 0.001). Moderate hypermetropes (2 to 5 D) demonstrated significantly greater refractive error than mild (0.5 to 2 D) or severe (>5 D) hypermetropes (1.71 ± 1.18 D versus 1.19 ± 0.74 D and 1.16 ± 1.08 D respectively, p < 0.001).",2
54,"Does ethnicity affect where people with cancer die? [SEP] Ageing is a growing issue for people from UK black, Asian and minority ethnic (BAME) groups. The health experiences of these groups are recognised as a 'tracer' to measure success in end of life patient-preferred outcomes that includes place of death (PoD).AIM: To examine patterns in PoD among BAME groups who died of cancer. Mortality data for 93,375 cancer deaths of those aged ≥65 years in London from 2001-2010 were obtained from the UK Office for National Statistics (ONS). Decedent's country of birth was used as a proxy for ethnicity. Linear regression examined trends in place of death across the eight ethnic groups and Poisson regression examined the association between country of birth and place of death. 76% decedents were born in the UK, followed by Ireland (5.9%), Europe(5.4%) and Caribbean(4.3%). Most deaths(52.5%) occurred in hospital, followed by home(18.7%). During the study period, deaths in hospital declined with an increase in home deaths; trend for time analysis for those born in UK(0.50%/yr[0.36-0.64%]p<0.001), Europe (1.00%/yr[0.64-1.30%]p<0.001), Asia(1.09%/yr[0.94-1.20%]p<0.001) and Caribbean(1.03%/yr[0.72-1.30%]p<0.001). However, time consistent gaps across the geographical groups remained. Following adjustment hospital deaths were more likely for those born in Asia(Proportion ratio(PR)1.12[95%CI1.08-1.15]p<0.001) and Africa(PR 1.11[95%CI1.07-1.16]p<0.001). Hospice deaths were less likely for those born in Asia(PR 0.73 [0.68-0.80] p<0.001), Africa (PR 0.83[95%CI0.74-0.93]p<0.001), and 'other' geographical regions (PR0.90[95% 0.82-0.98]p<0.001). Home deaths were less likely for those born in the Caribbean(PR0.91[95%CI 0.85-0.98]p<0.001).",0
112,"Should temperature be monitorized during kidney allograft preservation? [SEP] It is generally considered that kidney grafts should be preserved at 4 degrees C during cold storage. However, actual temperature conditions are not known. We decided to study the temperature levels during preservation with the Biotainer storage can and Vitalpack transport pack. Temperature was monitored using the Thermobouton probe during preservation of pig kidneys, in the same conditions used with human grafts. The probe recorded the temperature level every 10 minutes during four days. We compared the results found with the new storage can with results obtained in the same conditions with the storage can formerly used by our team. We also studied the best position of the probe for temperature monitoring and the influence of the amount of ice within the transport pack on the temperature level. We then monitored the temperature during the conservation of actual human kidney grafts harvested at our institution from August 2007 to May 2008. The temperature levels were the same regardless of the position of the probe within the transport pack. The lowest temperature was maintained during 15 hours, and the temperature level stayed below 5 degrees C for 57 hours with the new storage can. The former storage can maintained the lowest temperature level for 80 minutes, and temperature reached 5 degrees C after 10 hours 40 minutes. Temperature levels were similar when 2 or 4 kg of crushed ice were used. We observed similar results when monitoring the conservation of human grafts.",1
100,"Autoxidation products of both carbohydrates and lipids are increased in uremic plasma: is there oxidative stress in uremia? [SEP] Advanced glycation end products (AGEs), formed by non-enzymatic glycation and oxidation (glycoxidation) reactions, have been implicated in the pathogenesis of several diseases, including normoglycemic uremia. AGE research in uremia has focused on the accumulation of carbohydrate-derived adducts generated by the Maillard reaction. Recent studies, however, have demonstrated that one AGE, the glycoxidation product carboxymethyllysine (CML), could be derived not only from carbohydrates but also from oxidation of polyunsaturated fatty acids in vitro, raising the possibility that both carbohydrate and lipid autoxidation might be increased in uremia. To address this hypothesis, we applied gas chromatography-mass spectrometry and high performance liquid chromatography to measure protein adducts formed in uremic plasma by reactions between carbonyl compounds and protein amino groups: pentosidine derived from carbohydrate-derived carbonyls, malondialdehyde (MDA)-lysine derived from lipid-derived carbonyls, and CML originating possibly from both sources. All three adducts were elevated in uremic plasma. Plasma CML levels were mainly (>95%) albumin bound. Their levels were not correlated with fructoselysine levels and were similar in diabetic and non-diabetic patients on hemodialysis, indicating that their increase was not driven by glucose. Pentosidine and MDA-lysine were also increased in plasma to the same extent in diabetic and non-diabetic hemodialysis patients. Statistical analysis indicated that plasma levels of CML correlated weakly (P<0.05) with those of pentosidine and MDA-lysine, but that pentosidine and MDA-lysine varied independently (P>0.5).",0
0,"Does somatostatin confer insulinostatic effects of neuromedin u in the rat pancreas? [SEP] Neuromedin U (NmU) is a neuropeptide with anorexigenic activity. Two receptor subtypes (NmUR1 and NmUR2) confer the effects of NmU on target cells. We have recently demonstrated that NmU reduces insulin secretion from isolated pancreatic islets. Aim of our current study is to investigate the role of somatostatin at mediating the effects of NmU on insulin secretion. Expression of NmU in the pancreas was detected by immunohistochemistry. Insulin and somatostatin secretion from in situ perfused rat pancreas and isolated pancreatic islets was measured by radioimmunoassay. The paracrine effects of somatostatin within pancreatic islets were blocked by cyclosomatostatin, a somatostatin receptor antagonist. Receptor subtype NmUR1, but not NmUR2, was expressed in the endocrine pancreas, predominantly in the periphery. Neuromedin U reduced insulin secretion from in situ perfused rat pancreas and stimulated somatostatin secretion from isolated pancreatic islets. Neuromedin U stimulated somatostatin secretion at both physiological and supraphysiological glucose concentrations. Cyclosomatostatin increased insulin secretion and reduced NmU-induced inhibition of insulin secretion.",0
116,"Does the investing layer of the deep cervical fascia exist? [SEP] The placement of the superficial cervical plexus block has been the subject of controversy. Although the investing cervical fascia has been considered as an impenetrable barrier, clinically, the placement of the block deep or superficial to the fascia provides the same effective anesthesia. The underlying mechanism is unclear. The aim of this study was to investigate the three-dimensional organization of connective tissues in the anterior region of the neck. Using a combination of dissection, E12 sheet plastination, and confocal microscopy, fascial structures in the anterior cervical triangle were examined in 10 adult human cadavers. In the upper cervical region, the fascia of strap muscles in the middle and the fasciae of the submandibular glands on both sides formed a dumbbell-like fascia sheet that had free lateral margins and did not continue with the sternocleidomastoid fascia. In the lower cervical region, no single connective tissue sheet extended directly between the sternocleidomastoid muscles. The fascial structure deep to platysma in the anterior cervical triangle comprised the strap fascia.",1
66,"Cerebromediastinal tuberculosis in a child with a probable Say-Barber-Miller syndrome: a causative link? [SEP] Tuberculosis continues to be a public health problem in emerging countries with a recent evidence of increased incidence of extrapulmonary localization in developed countries probably linked to HIV. To our knowledge the occurrence of cerebro-mediastinal tuberculosis in an immuno-competent child has not been previously described; moreover the child we describe has a probable Say-Barber-Miller syndrome. We discuss a putative causative link between this syndrome and the occurrence of tuberculosis. A seven-year-old girl presented to our department with a history of infantile encephalopathy since birth characterized by a facial dysmorphy (evocative of a bird face), microcephaly, and mental retardation, and with recurrent infections. The child had complained of back pain for several months; the parents reported anorexia, loss of weight. Spinal and cerebral MRI showed a mediastinal mass involving the spine and cerebral lesions evocative of tuberculomas. The tuberculin interdermal reaction was positive. Culture of a vertebral biopsy was positive for Koch bacillus. Anti-tuberculosis treatment improved general and local status. An extensive immunological work-up was normal.",0
43,"Esophagogastric devascularization without splenectomy in portal hypertension: safe and effective? [SEP] Esophagogastric variceal hemorrhage is a life-threatening complication of portal hypertension. In this study, we compared the therapeutic effect of a novel surgical procedure, esophagogastric devascularization without splenectomy (EDWS), with the widely used modified esophagogastric devascularization (MED) with splenectomy for the treatment of portal hypertension. Fifty-five patients with portal hypertension were included in this retrospective study. Among them, 27 patients underwent EDWS, and the other 28 patients underwent MED. Patients' characteristics, perioperative parameters and long-term follow-up were analyzed. The portal venous pressure was decreased by 20% postoperatively in both groups. The morbidity rate of portal venous system thrombosis in the EDWS group was significantly lower than that in the MED group (P=0.032). The 1- and 3-year recurrence rates of esophagogastric variceal hemorrhage were 0% and 4.5% in the EDWS group, and 0% and 8.7% in the MED group, respectively (P=0.631).",0
130,"Do elderly patients call 911 when presented with clinical scenarios suggestive of acute stroke? [SEP] Among patients with acute stroke symptoms, delay in hospital admission is the main obstacle for the use of thrombolytic therapy and other interventions associated with decreased mortality and disability. The primary aim of this study was to assess whether an elderly clinical population correctly endorsed the response to call for emergency services when presented with signs and symptoms of stroke using a standardized questionnaire. We performed a cross-sectional study among elderly out-patients (≥60 years) in Buenos Aires, Argentina randomly recruited from a government funded health clinic. The correct endorsement of intention to call 911 was assessed with the Stroke Action Test and the cut-off point was set at ≥75%. Knowledge of stroke and clinical and socio-demographic indicators were also collected and evaluated as predictors of correct endorsement using logistic regression. Among 367 elderly adults, 14% correctly endorsed intention to call 911. Presented with the most typical signs and symptoms, only 65% reported that they would call an ambulance. Amaurosis Fugax was the symptom for which was called the least (15%). On average, the correct response was chosen only 37% of the time. Compared to lower levels of education, higher levels were associated to correctly endorsed intention to call 911 (secondary School adjusted OR 3.53, 95% CI 1.59-7.86 and Tertiary/University adjusted OR 3.04, 95% CI 1.12-8.21).",2
72,"Gender difference in survival of resected non-small cell lung cancer: histology-related phenomenon? [SEP] It remains controversial whether there is a gender difference in survival of patients with resected non-small cell lung cancer. We retrospectively analyzed 2770 patients (1689 men and 1081 women) with non-small cell lung cancer who underwent pulmonary resection between 1995 and 2005 at the National Cancer Center Hospital, Tokyo. A gender difference in survival was studied in all patients, in those divided according to histology or pathologic stage, and in propensity-matched gender pairs. There were no differences in background, such as preoperative pulmonary function, operation procedures, or operative mortality. The proportions of adenocarcinoma and pathologic stage I in women were greater than those in men (93.6% vs 61.7% and 71.4% vs 58.6%, respectively) (P<.001). Overall 5-year survival of women was better than that of men (81% vs 70%, P<.001). In adenocarcinoma, the overall 5-year survival for women was better than that for men in pathologic stage I (95% vs 87%, P<.001) and in pathologic stage II or higher (58% vs 51%, P = .017). In non-adenocarcinoma, there was no significant gender difference in survival in pathologic stage I (P = .313) or pathologic stage II or higher (P = .770). The variables such as age, smoking status, histology, and pathologic stage were used for propensity score matching, and survival analysis of propensity score-matched gender pairs did not show a significant difference (P = .69).",0
131,"Emergency double-balloon enteroscopy combined with real-time viewing of capsule endoscopy: a feasible combined approach in acute overt-obscure gastrointestinal bleeding? [SEP] There are few data concerning emergency double-balloon enteroscopy (DBE) and its usefulness in the management of severe acute obscure gastrointestinal bleeding (OGIB). The aim of this retrospective study was to evaluate emergency DBE and capsule endoscopy (CE) in patients with overt OGIB, analyzing the feasibility of this combined approach. Emergency DBE in patients with overt OGIB was defined as performance within 24 h of symptom onset. We reported 27 patients (16 men, mean age: 64.6 ± 17.9 years) with overt severe bleeding who underwent 29 emergency DBE (22 anterograde, 7 retrograde). Of 27 patients, 16 (59.3%) underwent CE with real time (RT) viewing. Patients were diagnosed with the following: Dieulafoy's lesion (DL; n = 11, 40.7%), angioectasia (n = 7, 25.9%), tumors (n = 4, 14.8%), diverticulum (n = 3, 11.1%), ulcers (n = 2, 7.4%). We diagnosed 23 lesions amenable to endoscopic hemostasis and successfully treated 21 of them (77.8%). DL detection rate was statistically higher in the emergency DBE group than in OGIB patients with DBE done 24 h after symptom onset (40.7% vs 0.9%, respectively, P < 0.001). Combined approach with RT viewing by CE correctly modified DBE management in four patients (25%).",0
126,"Does SYNTAX score predict in-hospital outcomes in patients with ST elevation myocardial infarction undergoing primary percutaneous coronary intervention? [SEP] SYNTAX score (SxS) has been demonstrated to predict long-term outcomes in stable patients with coronary artery disease. But its prognostic value for patients with acute coronary syndrome remains unknown.AIM: To evaluate whether SxS could predict in-hospital outcomes for patients admitted with ST elevation myocardial infarction (STEMI) who undergo primary percutaneous coronary intervention (pPCI). The study included 538 patients with STEMI who underwent pPCI between January 2010 and December 2012. The patients were divided into two groups: low SxS (<22) and high SxS (>22). The SxS of all patients was calculated from aninitial angiogram and TIMI flow grade of infarct related artery was calculated after pPCI. Left ventricular systolic functions of the patients were evaluated with an echocardiogram in the following week. The rates of reinfarction and mortality during hospitalisation were obtained from the medical records of our hospital. The high SxS group had more no-reflow (41% and 25.1%, p<0.001, respectively), lower ejection fraction (38.2 ± 7.5% and 44.6 ± 8.8%, p<0.001, respectively), and greater rates of re-infarction (9.5% and 7.3%, p = 0.037, respectively) and mortality (0.9% and 0.2%, p = 0.021, respectively) during hospitalisation compared to the low SxS group. On multivariate logistic regression analysis including clinical variables, SxS was an independent predictor of no-reflow (OR 1.081, 95% CI 1.032-1.133, p = 0.001).",0
110,"Does the enteral feeding advancement affect short-term outcomes in very low birth weight infants? [SEP] Controversy exists regarding the optimal enteral feeding regimen of very low birth weight infants (VLBW). Rapid advancement of enteral feeding has been associated with an increased rate of necrotizing enterocolitis. In contrast, delaying enteral feeding may have unfavorable effects on nutrition, growth, and neurodevelopment. The aim is to compare the short-term outcomes of VLBW infants in tertiary care centers according to their enteral feeding advancement. We prospectively studied the influence of center-specific enteral feeding advancement in 1430 VLBW infants recruited from 13 tertiary neonatal intensive care units in Germany on short-term outcome parameters. The centers were post hoc stratified to ""rapid advancement to full enteral feeds"" (median duration of advancement to full enteral feeds<or =12.5 days; 6 centers), that is, rapid advancement (RA), or ""slow advancement to full enteral feeds"" (median duration of advancement to full enteral feeds>12.5 days; 7 centers), that is, slow advancement (SA). VLBW infants born in centers with SA (n = 713) had a significantly higher rate of sepsis compared with VLBW infants born in centers with RA (n = 717), which was particularly evident for late-onset sepsis (14.0% vs 20.4%; P = 0.002). Furthermore, more central venous lines (48.6% vs 31.1%, P<0.001) and antibiotics (92.4% vs 77.7%, P<0.001) were used in centers with SA.",0
42,"Are opioid dependence and methadone maintenance treatment (MMT) documented in the medical record? [SEP] Opioid-dependent patients often have co-occurring chronic illnesses requiring medications that interact with methadone. Methadone maintenance treatment (MMT) is typically provided separately from medical care. Hence, coordination of medical care and substance use treatment is important to preserve patient safety. To identify potential safety risks among MMT patients engaged in medical care by evaluating the frequency that opioid dependence and MMT documentation are missing in medical records and characterizing potential medication-methadone interactions. Among patients from a methadone clinic who received primary care from an affiliated, but separate, medical center, we reviewed electronic medical records for documentation of methadone, opioid dependence, and potential drug-methadone interactions. The proportions of medical records without opioid dependence and methadone documentation were estimated and potential medication-methadone interactions were identified. Among the study subjects (n = 84), opioid dependence documentation was missing from the medical record in 30% (95% CI, 20%-41%) and MMT documentation was missing from either the last primary care note or the last hospital discharge summary in 11% (95% CI, 5%-19%). Sixty-nine percent of the study subjects had at least 1 medication that potentially interacted with methadone; 19% had 3 or more potentially interacting medications.",2
73,"Can we predict which head and neck cancer survivors develop fears of recurrence? [SEP] The objectives of this study were to investigate longitudinal predictors of fear of recurrence in survivors of head and neck cancer (HNC) using Leventhal's Common Sense Model (CSM) as a framework. The research questions were as follows: (a) to what extent do HNC patients report fear of cancer recurrence? (b) To what extent are fears of recurrence manifestations of illness-related anxiety? (c) Are fears of recurrence closely related to current symptoms, disease, and treatment-related factors, or psychological/socio-demographic factors? (d) What factors are predictive of long-term fears of recurrence? A prospective repeat measures design was employed whereby a sample of 82 newly diagnosed HNC patients (54 males, 28 females, mean age 60 years) completed measures of fears of recurrence, illness perceptions, coping, and anxiety and depression, prior to treatment and 6-8 months after treatment (fears of recurrence only). A third of HNC patients at diagnosis reported relatively high levels of fears of recurrence, with 12% still reporting similar levels of fear 6-8 months after treatment. Fears of recurrence were not related to any socio-demographic factor (age, gender, ethnicity, marital status, and educational attainment) or disease, treatment, or symptom-related factors. Path analyses demonstrated that fears of cancer recurrence after treatment were directly predicted by pre-treatment fears and optimism.",0
147,"Neck pain treatment with acupuncture: does the number of needles matter? [SEP] Acupuncture has been successfully used in myofascial pain syndromes. However, the number of needles used, that is, the dose of acupuncture stimulation, to obtain the best antinociceptive efficacy is still a matter of debate. The question was addressed comparing the clinical efficacy of two different therapeutic schemes, characterized by a different number of needles used on 36 patients between 29-60 years of age with by a painful cervical myofascial syndrome. Patients were divided into two groups; the first group of 18 patients were treated with 5 needles and the second group of 18 patients were treated with 11 needles, the time of needle stimulation was the same in both groups: 100 seconds. Each group underwent six cycles of somatic acupuncture. Pain intensity was evaluated before, immediately after and 1 and 3 months after the treatment by means of both the Mc Gill Pain Questionnaire and the Visual Analogue Scale (VAS). In both groups, the needles were fixed superficially excluding the two most painful trigger points where they were deeply inserted. Both groups, independently from the number of needles used, obtained a good therapeutic effect without clinically relevant differences.",1
149,"Mammographic screening in Sami speaking municipalities and a control group. Are early outcome measures influenced by ethnicity? [SEP] Female citizens of Sami (the indigenous people of Norway) municipalities in northern Norway have a low risk of breast cancer. The objective of this study was to describe the attendance rate and outcome of the Norwegian Breast Cancer Screening Program (NBCSP) in the Sami-speaking municipalities and a control group. A retrospective registry-based study. The 8 municipalities included in the administration area of the Sami language law (Sami) were matched with a control group of 11 municipalities (non-Sami). Population data were accessed from Statistics Norway. Data regarding invitations and outcome in the NBCSP during the period 2001-2010 was derived from the Cancer Registry of Norway (CRN). The NBCSP targets women aged 50-69 years. Rates and percentages were compared using chi-square test with a p-value<0.05 as statistical significant. The attendance rate in the NBCSP was 78% in the Sami and 75% in the non-Sami population (p<0.01). The recall rates were 2.4 and 3.3% in the Sami and non-Sami population, respectively (p<0.01). The rate of invasive screen detected cancer was not significantly lower in the Sami group (p=0.14). The percentage of all breast cancers detected in the NBCSP among the Sami (67%) was lower compared with the non-Sami population (86%, p=0.06).",0
18,"Is specialty care associated with improved survival of patients with congestive heart failure? [SEP] Implementation of the complex treatment strategies that have been shown to improve survival of patients with congestive heart failure (CHF) may require certain expertise. We wanted to examine the association between pattern of outpatient care and survival of patients with CHF. In a retrospective cohort study conducted with national Veterans Health Administration (VHA) databases, we examined the association between the pattern of outpatient care and survival in 11,661 patients discharged from VA hospitals between October 1, 1991, and September 30, 1992, with the primary diagnosis of CHF (cohort 1). Patients were divided into 4 groups, on the basis of their pattern of outpatient care over a 12-month period after discharge: 1) general medicine clinic visits only (GM-only); 2) cardiology clinic visits only (CARD-only); 3) general medicine and cardiology (MIXED) clinic visits; and 4) neither general medicine nor cardiology clinic visits (no-GM/CARD). We used the Cox proportional hazards model to evaluate 1-year survival, controlling for clinical and demographic factors. Consistency of our results was examined by performing identical analysis on a cohort of patients discharged from VHA hospitals between October 1, 1994, and September 30, 1995 (cohort 2, n = 10,141). The overall 1-year mortality rate was 23% in the primary cohort. The unadjusted mortality rate was highest for patients in the no-GM/CARD follow up (29%) and lowest for patients in the MIXED group (19%). By use of the MIXED group as reference and adjusting for important clinical and demographic factors, the risk of death (risk ratio [95% CI]) was 1.12 (0.94-1.34) in the CARD-only group, 1.26 (1.15-1.38) in the GM-only group, and 1.48 (1.28-1.72) in the no-GM/CARD group. Cohort-2 results were consistent with cohort 1 for most covariates, and significant survival differences were again found between GM-only and the MIXED group (1.25 [1.14-1.37]).",0
121,"Are high flow nasal cannulae noisier than bubble CPAP for preterm infants? [SEP] Noise exposure in the neonatal intensive care unit is believed to be a risk factor for hearing loss in preterm neonates. Continuous positive airway pressure (CPAP) devices exceed recommended noise levels. High flow nasal cannulae (HFNC) are an increasingly popular alternative to CPAP for treating preterm infants, but there are no in vivo studies assessing noise production by HFNC. To study whether HFNC are noisier than bubble CPAP (BCPAP) for preterm infants. An observational study of preterm infants receiving HFNC or BCPAP. Noise levels within the external auditory meatus (EAM) were measured using a microphone probe tube connected to a calibrated digital dosimeter. Noise was measured across a range of frequencies and reported as decibels A-weighted (dBA). A total of 21 HFNC and 13 BCPAP noise measurements were performed in 21 infants. HFNC gas flows were 2-5 L/min, and BCPAP gas flows were 6-10 L/min with set pressures of 5-7 cm of water. There was no evidence of a difference in average noise levels measured at the EAM: mean difference (95% CI) of -1.6 (-4.0 to 0.9) dBA for HFNC compared to BCPAP. At low frequency (500 Hz), HFNC was mean (95% CI) 3.0 (0.3 to 5.7) dBA quieter than BCPAP. Noise increased with increasing BCPAP gas flow (p=0.007), but not with increasing set pressure. There was a trend to noise increasing with increasing HFNC gas flows.",1
75,"Are polymorphisms in oestrogen receptors genes associated with lipid levels in response to hormone therapy? [SEP] Polymorphisms in the oestrogen receptor 1 (ESR1) and oestrogen receptor 2 (ESR2) genes are associated with intermediate or endpoint markers of cardiovascular disease and with the efficacy of postmenopausal hormone therapy (HT). Contradictory findings have been described in the past and the role of these genetics variants remains unclear. A cross-sectional study was carried out with 266 postmenopausal women, of whom 115 received oral HT (HT+) and 151 did not receive any HT (HT-). We analysed three single-nucleotide polymorphisms (SNPs) in ESR1 (rs1801132, rs7757956 and rs2813544) and two in ESR2 (rs3020450 and rs7154455) and derived haplotypes with three additional polymorphisms that had been previously investigated by our group (ESR1 rs2234693 and ESR2 rs1256049 and rs4986938). The ESR1 rs2813544 polymorphism was associated with low-density lipoprotein cholesterol (LDL-C) in HT+ postmenopausal women (p = 0.044; pC = 0.388), while one ESR2 gene haplotype was associated with total cholesterol (T-chol) (p = 0.015; pC = 0.090) and LDL-C in HT+ postmenopausal women (p = 0.021; pC = 0.126).",0
67,"Does continuous intravenous infusion of low-concentration epinephrine impair uterine blood flow in pregnant ewes? [SEP] Bolus intravenous injection of epinephrine can decrease uterine blood flow. This study examined the effects of intravenous infusion of epinephrine on uterine blood flow in the gravid ewe. Maternal and fetal vascular catheters and a maternal electromagnetic uterine artery flow probe were implanted in 10 near-term gravid ewes. After recovery, saline, 0.125% bupivacaine, 0.125% bupivacaine with 1:200,000 epinephrine, 0.125% bupivacaine with 1:400,000 epinephrine, and 0.125% bupivacaine with 1:800,000 epinephrine were infused into the maternal superior vena cava. Drugs were infused at 10 mL/h for 30 minutes and then at 20 mL/h for an additional 30 minutes. Animals also received an intravenous bolus of epinephrine 15 micrograms. Throughout all infusions, maternal heart rate, systemic and pulmonary blood pressures, uterine blood flow, cardiac output, and acid-base balance were measured, as well as fetal heart rate, blood pressure, and acid-base balance. Epinephrine 15 micrograms decreased uterine blood flow to 68 +/- 14% of baseline (mean +/- SD). Infusion of all solutions had no effect on any measured hemodynamic variable.",1
7,"Can CT predict the level of CSF block in tuberculous hydrocephalus? [SEP] Treatment of obstructive hydrocephalus in children with tuberculous meningitis (TBM) depends on the level of the cerebrospinal fluid (CSF) block. Air-encephalography is regarded as the gold standard for differentiating communicating and non-communicating hydrocephalus. Since air-encephalography involves a lumbar puncture, it carries the risk of cerebral herniation. AIM. The aim of this study was to determine whether communicating and non-communicating hydrocephalus in TBM can be differentiated by means of cranial computerised tomography (CT). A number of CT indices were measured in 50 children with communicating and 34 children with non-communicating hydrocephalus according to air-encephalographic findings. The only CT finding that correlated with the type of hydrocephalus was the shape of the third ventricle. Significantly more children with non-communicating hydrocephalus had a rounded third ventricle than those with communicating hydrocephalus.",0
68,Dementia and aphasia in motor neuron disease: an underrecognised association? [SEP] To determine the prevalence and nature of global cognitive dysfunction and language deficits in an unselected population based cohort of patients with motor neuron disease (MND). A battery of neuropsychological and language tests was administered to patients presenting consecutively over a 3 year period to a regional neurology service with a new diagnosis of sporadic motor neuron disease. The 18 patients could be divided on the basis of their performance into three groups: Three patients were demented and had impaired language function (group 1); two non-demented patients had an aphasic syndrome characterised by word finding difficulties and anomia (group 2). Major cognitive deficits were therefore found in five of the 18 patients (28%). The remaining 13 performed normally on the test battery apart from decreased verbal fluency (group 3).,0
5,"Can early second-look tympanoplasty reduce the rate of conversion to modified radical mastoidectomy? [SEP] The aims of the study were to report the rates of recurrent and residual cholesteatoma following primary CAT surgery and to report the rate of conversion to a modified radical mastoidectomy. This was a retrospective review of a single surgeon series between 2006 and 2012. In total 132 second-look operations were undertaken, with a mean interval between primary surgery and second-look procedures of 6 months. The rate of cholesteatoma at second-look surgery was 19.7%, which was split into residual disease (10.6%) and recurrent disease (9.09%). New tympanic membrane defects with cholesteatoma were considered as recurrent disease. Residual disease was defined as cholesteatoma present behind an intact tympanic membrane. The majority of recurrent and residual disease was easily removed at second look (73.1%). Only four cases were converted to a modified radical mastoidectomy (3%) and three cases required a third-look procedure.",0
124,"Can gingival crevicular blood be relied upon for assessment of blood glucose level? [SEP] Diabetes mellitus (DM) is undiagnosed in approximately half of the patients actually suffering from the disease. In addition, the prevalence of DM is more than twice as high as in patients with periodontitis when compared to periodontally healthy subjects. Thus, a high number of patients with periodontitis may have undiagnosed DM. The purpose of the present study was to evaluate whether blood oozing from a gingival crevice during routine periodontal examination can be used for determining glucose levels. Observational cross-sectional studies were carried out in 75 patients (43 males and 32 females) with chronic periodontitis who were divided into two groups: Group I and Group II, respectively. Blood oozing from the gingival crevices of anterior teeth following periodontal probing was collected with the stick of glucose self-monitoring device, and the blood glucose levels were measured. At the same time, finger-prick blood was taken for glucometric analysis and subsequent readings were recorded. The patient's blood glucose values ranged from 74 to 256 mg/dl. The comparison between gingival crevicular blood and finger-prick blood showed a very strong correlation, with a t value of 3.97 (at P value = 0.001).",0
120,"Endovenous laser ablation in the treatment of small saphenous varicose veins: does site of access influence early outcomes? [SEP] The study was performed to evaluate the clinical and technical efficacy of endovenous laser ablation (EVLA) of small saphenous varicosities, particularly in relation to the site of endovenous access. Totally 59 patients with unilateral saphenopopliteal junction incompetence and small saphenous vein reflux underwent EVLA (810 nm, 14 W diode laser) with ambulatory phlebectomies. Small saphenous vein access was gained at the lowest site of truncal reflux. Patients were divided into 2 groups: access gained above mid-calf (AMC, n = 33) and below mid-calf (BMC, n = 26) levels. Outcomes included Venous Clinical Severity Scores (VCSS), Aberdeen Varicose Vein Questionnaire (AVVQ), patient satisfaction, complications, and recurrence rates. Both groups demonstrated significant improvement in VCSS, AVVQ, generic quality of life Short Form 36, and EuroQol scores (P<.05) up to 1 year. No differences were seen between AMC and BMC groups for complications (phlebitis: 2 [6%] and 1 [3.8%], P>.05; paresthesia: 2 [6%] and 5 [19%], P = .223) and recurrence (3 [9%] and 1 [3.8%], P = .623), respectively.",1
22,"Can myometrial electrical activity identify patients in preterm labor? [SEP] The objective of the study was to determine whether myometrial electrical activity can differentiate false from true preterm labor. Electrical uterine myography (EUM) was measured prospectively on 87 women, gestational age less than 35 weeks. The period between contractions, power of contraction peaks and movement of center of electrical activity (RMS), was used to develop an index score (1-5) for prediction of preterm delivery (PTD) within 14 days of the test. The score was compared with fetal fibronectin (fFN) and cervical length (CL). Patients delivering within 14 days from testing showed a higher index and mean RMS (P = .000). No patients with EUM index scores of 1-2 delivered in this time frame. Combining EUM with CL or fFN increased predictability. Logistic regression revealed that history of PTD and EUM index had 4- to 5-fold increased risk for PTD. Gestational age at testing, body mass index, fFN, and CL were nonsignificant contributors to PTD risk.",0
113,"Is ganglionated plexi ablation during Maze IV procedure beneficial for postoperative long-term stable sinus rhythm? [SEP] We investigated the role of surgical ablation targeting the autonomous nervous system during a Cox-Maze IV procedure in the maintenance of sinus rhythm at long-term follow-up. The patient population consisted of 519 subjects with persistent or long-standing persistent atrial fibrillation (AF) undergoing radiofrequency Maze IV during open heart surgery between January 2006 and July 2013 at three institutions without (Group 1) or with (Group 2) ganglionated plexi (GP) ablation. Recurrence of atrial fibrillation off-antiarrhythmic drugs was the primary outcome. Predictors of AF recurrence were evaluated by means of competing risk regression. Median follow-up was 36.7 months. The percentage of patients in normal sinus rhythm (NSR) off-antiarrhythmic drugs did not differ between groups (Group 1-75.5%, Group 2-67.8%, p = 0.08). Duration of AF ≥ 38 months (p = 0.01), left atrial diameter ≥ 54 mm (0.001), left atrial area ≥ 33 cm(2) (p = 0.005), absence of connecting lesions (p= 0.04), and absence of right atrial ablation (p<0.001) were independently associated with high incidence of AF recurrence. In contrast the absence of GP ablation was not a significant factor (p = 0.12).",1
30,"Juvenile osteochondritis dissecans: is it a growth disturbance of the secondary physis of the epiphysis? [SEP] The primary physis is responsible for longitudinal bone growth. Similarly, epiphysial growth relies on endochondral ossification from the circumferential secondary physeal [corrected]. injury can result in disruption of normal ossification. The cause of juvenile osteochondritis dissecans (OCD) remains elusive. We hypothesized that juvenile OCD results from an insult affecting endochondral ossification from the secondary physis. The purpose of our study was to evaluate the MRI appearance of the distal femoral epiphysis-particularly the secondary physis-of children with juvenile OCD and to compare these findings with the MRI findings of unaffected children. Knee MRI examinations of 30 children (age range, 8 years 8 months to 13 years 4 months) with OCD and 30 matched control patients were evaluated for skeletal maturity; location of the OCD lesion, if present; secondary physeal [corrected] continuity; overlying chondroepiphysial integrity, contour, and width; signal intensity of subchondral bone; and secondary physeal [corrected]conspicuity. Variables were compared using chi-square tests. All children were skeletally immature. Condylar lesions were medial in 24 knees and lateral in six knees. All were in the middle one third, posterior one third, or middle and posterior thirds in the sagittal plane. The majority of lesions spanned the intercondylar and middle one third of the femoral condyle in the coronal plane (73%). There was a significant difference between secondary physeal [corrected] disruption in juvenile OCD condyles compared with unaffected condyles (p<0.001) and control condyles (p<0.001). Compared with unaffected and control condyles, the OCD group showed chondroepiphysial widening (p<0.001) and subchondral bone edema (p<0.001) on MRI. Neither chondroepiphysial integrity nor chondroepiphysial contour was significantly different between groups (p = 0.21, p = 0.31, respectively).",0
118,"Utility of unenhanced fat-suppressed T1-weighted MRI in children with sickle cell disease -- can it differentiate bone infarcts from acute osteomyelitis? [SEP] Children with sickle cell disease (SCD) are at risk of bone infarcts and acute osteomyelitis. The clinical differentiation between a bone infarct and acute osteomyelitis is a diagnostic challenge. Unenhanced T1-W fat-saturated MR images have been proposed as a potential tool to differentiate bone infarcts from osteomyelitis. To evaluate the reliability of unenhanced T1-W fat-saturated MRI for differentiation between bone infarcts and acute osteomyelitis in children with SCD. We retrospectively reviewed the records of 31 children (20 boys, 11 girls; mean age 10.6 years, range 1.1-17.9 years) with SCD and acute bone pain who underwent MR imaging including unenhanced T1-W fat-saturated images from 2005 to 2010. Complete clinical charts were reviewed by a pediatric hematologist with training in infectious diseases to determine a clinical standard to define the presence or absence of osteomyelitis. A pediatric radiologist reviewed all MR imaging and was blinded to clinical information. Based on the signal intensity in T1-W fat-saturated images, the children were further classified as positive for osteomyelitis (low bone marrow signal intensity) or positive for bone infarct (high bone marrow signal intensity). Based on the clinical standard, 5 children were classified as positive for osteomyelitis and 26 children as positive for bone infarct (negative for osteomyelitis). The bone marrow signal intensity on T1-W fat-saturated imaging was not significant for the differentiation between bone infarct and osteomyelitis (P = 0.56). None of the additional evaluated imaging parameters on unenhanced MRI proved reliable in differentiating these diagnoses.",1
58,"Does occupational nuclear power plant radiation affect conception and pregnancy? [SEP] To determine the effect of occupational exposure in a nuclear power plant in Griefswald, Germany on male and female fecundity. The frequency of men and women exposed to ionizing radiation through work in a nuclear power plant among 270 infertile couples was retrospectively compared to a control fertile population using a pair-matched analysis. The total cumulative equivalent radiation dose was determined. In addition, the spermiograms of the male partners in both groups were compared and correlated to the degree of exposure. No differences were noted in the frequency of nuclear power plant exposure between sterile and fertile groups. There was a higher rate of anomalous spermiograms in nuclear power plant workers. However, abnormalities were temporary. No correlation was found between the cumulative equivalent radiation dose and abnormal spermiograms.",0
69,"Should pulp chamber pulpotomy be seen as a permanent treatment? [SEP] Seventeen patients, aged 7-54 years (mean of 37.2 year), were treated by pulpotomy and filling with ProRoot MTA(®)  in premolar or molar teeth with vital pulps and without clinical evidence of irreversible pulpitis. The patients were then followed up for 12 to 24 months and the teeth then assessed by clinical and radiographic examination. Statistical analysis was performed with Kaplan-Meier survival probability statistics to estimate the survival of the treated teeth. At 24 months, the survival rate without any complementary treatment was estimated to be 82%. Two of the 17 treated teeth required root canal treatment for pain control and one for prosthetic reasons.",1
38,"Estimated fetal weight by ultrasound: a modifiable risk factor for cesarean delivery? [SEP] The purpose of this study was to investigate whether knowledge of ultrasound-obtained estimated fetal weight (US-EFW) is a risk factor for cesarean delivery (CD). Retrospective cohort from a single center in 2009-2010 of singleton, term live births. CD rates were compared for women with and without US-EFW within 1 month of delivery and adjusted for potential confounders. Of the 2329 women in our cohort, 50.2% had US-EFW within 1 month of delivery. CD was significantly more common for women with US-EFW (15.7% vs 10.2%; P<.001); after we controlled for confounders, US-EFW remained an independent risk factor for CD (odds ratio, 1.44; 95% confidence interval, 1.1-1.9). The risk increased when US-EFW was>3500 g (odds ratio, 1.8; 95% confidence interval, 1.3-2.7).",0
11,"Is the h-index predictive of greater NIH funding success among academic radiologists? [SEP] Despite rapid adoption of the Hirsch index (h-index) as a measure of academic success, the correlations between the h-index and other metrics of productivity remain poorly understood. The aims of this study were to determine whether h-indices were associated with greater National Institutes of Health (NIH) funding success among academic radiologists. Using the Scopus database, h-indices were calculated for a random sample of academic radiologists with the rank of professor. Using the NIH tool Research Portfolio Online Reporting Tools Expenditures and Reports, we determined the number, classification, and total years of NIH grant funding as principal investigator for each radiologist. Differences in h-index, sorted by funding status, were determined using Wilcoxon's tests. Associations between h-index and funding status were determined using logistic regression. Significant correlations between h-index and grant metrics were determined using Spearman's ρ. Among 210 professors of radiology, 48 (23%) secured at least one NIH grant. The mean h-index was significantly higher among individuals who secured at least one NIH grant (19.1) compared to those who did not (10.4) (P<.0001). Professors with h-indices<10 compared to those with h-indices>10 were significantly less likely to receive NIH funding (odds ratio, 0.07; P = .0321). However, h-indices>10 were not significantly predictive of greater funding. No significant relationships were observed between h-index and the number of grant awards, years of prior funding, the amounts of grant awards, or grant classification.",0
57,"Is the affinity column-mediated immunoassay method suitable as an alternative to the microparticle enzyme immunoassay method as a blood tacrolimus assay? [SEP] Tacrolimus is a potent immunosuppressive drug used in organ transplantation. Because of its substantial toxic effects, narrow therapeutic index, and interindividual pharmacokinetic variability, therapeutic drug monitoring of whole-blood tacrolimus concentrations has been recommended. We investigated the comparability of the results of 2 immunoassay systems, affinity column-mediated immunoassay (ACMIA) and microparticle enzyme immunoassay (MEIA), comparing differences in the tacrolimus concentrations measured by the 2 methods in relation to the hematologic and biochemical values of hepatic and renal functions. A total of 154 samples from kidney or liver transplant recipients were subjected to Dimension RxL HM with a tacrolimus Flex reagent cartilage for the ACMIA method and IMx tacrolimus II for the MEIA method. Tacrolimus concentrations measured by the ACMIA method (n = 154) closely correlated with those measured by the MEIA method (r = 0.84). The Bland-Altman plot using concentration differences between the 2 methods and the average of the 2 methods showed no specific trends. The tacrolimus levels determined by both the MEIA method and the ACMIA method were not influenced by hematocrit levels, but the difference between the 2 methods (ACMIA - MEIA) tended to be larger in low hematocrit samples (P<.001).",0
136,"Does managed care enable more low income persons to identify a usual source of care? [SEP] By requiring or encouraging enrollees to obtain a usual source of care, managed care programs hope to improve access to care without incurring higher costs. (1) To examine the effects of managed care on the likelihood of low-income persons having a usual source of care and a usual physician, and; (2) To examine the association between usual source of care and access. Cross-sectional survey of households conducted during 1996 and 1997. A nationally representative sample of 14,271 low-income persons. Usual source of care, usual physician, managed care enrollment, managed care penetration. High managed care penetration in the community is associated with a lower likelihood of having a usual source of care for uninsured persons (54.8% vs. 62.2% in low penetration areas) as well as a lower likelihood of having a usual physician (60% vs. 72.8%). Managed care has only marginal effects on the likelihood of having a usual source of care for privately insured and Medicaid beneficiaries. Having a usual physician substantially reduces unmet medical needs for the insured but less so for the uninsured.",2
141,"Is grandmultiparity an independent risk factor for adverse perinatal outcomes? [SEP] To compare maternal and neonatal outcomes among grandmultiparous women to those of multiparous women 30 years or older. A database of the vast majority of maternal and newborn hospital discharge records linked to birth/death certificates was queried to obtain information on all multiparous women with a singleton delivery in the state of California from January 1, 1997 through December 31, 1998. Maternal and neonatal pregnancy outcomes of grandmultiparous women were compared to multiparous women who were 30 years or older at the time of their last birth. The study population included 25,512 grandmultiparous and 265,060 multiparous women 30 years or older as controls. Grandmultiparous women were predominantly Hispanic (56%). After controlling for potential confounding factors, grandmultiparous women were at significantly higher risk for abruptio placentae (odds ratio OR: 1.3; 95% confidence intervals CI: 1.2-1.5), preterm delivery (OR: 1.3; 95% CI: 1.2-1.4), fetal macrosomia (OR: 1.5; 95% CI: 1.4-1.6), neonatal death (OR: 1.5; 95% CI: 1.3-1.8), postpartum hemorrhage (OR: 1.2; 95% CI: 1.1-1.3) and blood transfusion (OR: 1.5; 95% CI: 1.3-1.8).",0
29,"Scrotal approach to both palpable and impalpable undescended testes: should it become our first choice? [SEP] To determine the advantages of scrotal incision in the treatment of undescended testis. Undescended testis is a common pediatric condition and is conventionally managed surgically by orchidopexy. A single scrotal incision orchidopexy has become accepted as a valid approach for patients with palpable undescended testicles. Because this approach also allows easy detection of atrophic testes or testicular remnants, it recently has also emerged as an alternative initial surgical approach to impalpable undescended testicles. All orchidopexies performed between 2004 and 2008 at our university hospital were prospectively included in this study. A total of 194 scrotal orchidopexies were performed in 154 patients (mean age, 71 months; range, 4-229 months). In all cases a scrotal approach was chosen irrespective of the initial position or presence of an open processus vaginalis. Testicular position was examined at follow-up after a mean period of 10 months (3-22 months). Overall, 36 of the 46 impalpable testicles (78%) could be diagnosed and treated accordingly, using only a scrotal incision. Conversion to laparoscopy was needed in 4 cases. A limited number of postoperative complications were seen. In all cases, the testes were palpable and remained in the scrotum on follow-up.",0
111,"Are performance measurement systems useful? [SEP] Prior literature identified the use of Performance Measurement Systems (PMS) as crucial in addressing improved processes of care. Moreover, a strategic use of PMS has been found to enhance quality, compared to non-strategic use, although a clear understanding of this linkage is still to be achieved. This paper deals with the test of direct and indirect models related to the link between the strategic use of PMS and the level of improved processes in health care organizations. Indirect models were mediated by the degree of perceived managerial discretion. A PLS analysis on a survey of 97 Italian managers working for health care organizations in the Lombardy region was conducted. The response rate was 77.6%. The strategic use of PMS in health care organizations directly and significantly (p < 0.001) enhances performance in terms of improved processes. Perceived managerial discretion is positively and significantly (p < 0.001) affected by the strategic use of PMS, whereas the mediation effect is non-significant.",0
46,"Preservation of the PCL when performing cruciate-retaining TKA: Is the tibial tuberosity a reliable predictor of the PCL footprint location? [SEP] Reconstruction of the joint line is crucial in total knee arthroplasty (TKA). A routine height of tibial cut to maintain the natural joint line may compromise the preservation of the PCL. Since the PCL footprint is not accessible prior to tibial osteotomy, it seems beneficial to identify a reliable extraarticular anatomic landmark for predicting the PCL footprint and being visible within standard TKA approach. The fibula head predicts reliably the location of PCL footprint; however, it is not accessible during TKA. The aim of this study now was to analyze whether the tibial tuberosity can serve as a reliable referencing landmark to estimate the PCL footprint height prior to tibial cut. The first consecutive case series included 216 CR TKA. Standing postoperative lateral view radiographs were utilized to measure the vertical distance between tibial tuberosity and tibial osteotomy plane. In the second case series, 223 knee MRIs were consecutively analyzed to measure the vertical distance between tibial tuberosity and PCL footprint. The probability of partial or total PCL removal was calculated for different vertical distances between tibial tuberosity and tibial cutting surface. The vertical distance between the tibial tuberosity and tibial cut averaged 24.7 ± 4 mm. The average vertical distance from tibial tuberosity to proximal and to distal PCL footprint was found to be 22 ± 4.4 and 16 ± 4.4 mm, respectively. Five knees were considered at 50% risk of an entire PCL removal after CR TKA.",0
12,"Is human cytomegalovirus infection associated with hypertension? [SEP] Recent studies have implicated the human cytomegalovirus (HCMV) as a possible pathogen for causing hypertension. We aimed to study the association between HCMV infection and hypertension in the United States National Health and Nutrition Examination Survey (NHANES). We analyzed data on 2979 men and 3324 women in the NHANES 1999-2002. We included participants aged 16-49 years who had valid data on HCMV infection and hypertension. Of the participants, 54.7% had serologic evidence of HCMV infection and 17.5% had hypertension. There were ethnic differences in the prevalence of HCMV infection (P<0.001) and hypertension (P<0.001). The prevalence of both increased with age (P<0.001). Before adjustment, HCMV seropositivity was significantly associated with hypertension in women (OR=1.63, 95% CI=1.25-2.13, P=0.001) but not in men. After adjustment for race/ethnicity, the association between HCMV seropositivity and hypertension in women remained significant (OR=1.55, 95% CI=1.20-2.02, P=0.002). Further adjustment for body mass index, diabetes status and hypercholesterolemia attenuated the association (OR=1.44, 95% CI=1.10-1.90, P=0.010). However, after adjusting for age, the association was no longer significant (OR=1.24, 95% CI=0.91-1.67, P=0.162).",1
76,"The nurse cystoscopist: a feasible option? [SEP] To compare the accuracy achieved by a trained urology nurse practitioner (UNP) and consultant urologist in detecting bladder tumours during flexible cystoscopy. Eighty-three patients underwent flexible cystoscopy by both the UNP and consultant urologist, each unaware of the other's findings. Before comparing the findings, each declared whether there was tumour or any suspicious lesion requiring biopsy. Of 83 patients examined by flexible cystoscopy, 26 were found to have a tumour or a suspicious lesion. One tumour was missed by the UNP and one by the urologist; each tumour was minute. Analysis using the chance-corrected proportional agreement (Kappa) was 0.94, indicating very close agreement.",0
82,"Does rugby headgear prevent concussion? [SEP] To examine the attitudes of players and coaches to the use of protective headgear, particularly with respect to the prevention of concussion. A questionnaire designed to assess attitudes to headgear was administered to 63 players from four different Canadian teams, each representing a different level of play (high school, university, community club, national). In addition, coaches from all four levels were questioned about team policies and their personal opinions about the use of headgear to prevent concussion. Although the players tended to believe that the headgear could prevent concussion (62%), the coaches were less convinced (33%). Despite the players' belief that headgear offers protection against concussion, only a minority reported wearing headgear (27%) and few (24%) felt that its use should be made mandatory. Common reasons for not wearing headgear were ""its use is not mandatory"", ""it is uncomfortable"", and ""it costs too much"".",2
143,"Can mental imagery functional magnetic resonance imaging predict recovery in patients with disorders of consciousness? [SEP] To determine the potential prognostic value of using functional magnetic resonance imaging (fMRI) to identify patients with disorders of consciousness, who show potential for recovery. Observational study. Unit for acute rehabilitation care. Patients (N=22) in a vegetative state (VS; n=10) and minimally conscious state (MCS; n=12) during the first 200 days after the initial incident. Not applicable. Further course on the Coma Recovery Scale-Revised. Participants performed a mental imagery fMRI paradigm. They were asked to alternately imagine playing tennis and navigating through their home. In 14 of the 22 examined patients (VS, n=5; MCS, n=9), a significant activation of the regions of interest (ROIs) of the mental imagery paradigm could be found. All 5 patients with activation of a significant blood oxygen level dependent signal, who were in a VS at the time of the fMRI examination, reached at least an MCS at the end of the observation period. In contrast, 5 participants in a VS who failed to show activation in ROIs, did not (sensitivity 100%, specificity 100%). Six of 9 patients in an MCS with activation in ROIs emerged from an MCS. Of 3 patients in an MCS who did not show activation, 2 patients stayed in an MCS and 1 patient emerged from the MCS (sensitivity 85%, specificity 40%).",0
122,"Does aerobic fitness influence microvascular function in healthy adults at risk of developing Type 2 diabetes? [SEP] Twenty-seven healthy normal glucose-tolerant humans with either a previous diagnosis of gestational diabetes or having two parents with Type 2 diabetes and 27 healthy adults who had no history of diabetes were recruited. Maximal oxygen uptake was assessed using an incremental exercise test to exhaustion. Skin microvascular function was assessed using laser Doppler techniques as the maximum skin hyperaemic response to a thermal stimulus (maximum hyperaemia) and the forearm skin blood flow response to the iontophoretic application of acetylcholine (ACh) and sodium nitroprusside. Maximal oxygen uptake was not significantly different in the 'at-risk' group compared with healthy controls. Maximum hyperaemia was reduced in those 'at risk' (1.29 +/- 0.30 vs. 1.46 +/- 0.33 V, P = 0.047); however, the peak response to acetylcholine or sodium nitroprusside did not differ in the two groups. A significant positive correlation was demonstrated between maximal oxygen uptake and maximum hyperaemia (r = 0.52, P = 0.006 l/min and r = 0.60, P = 0.001 ml/kg/min) and peak ACh response (r = 0.40, P = 0.04 l/min and r = 0.47, P = 0.013 ml/kg/min) in the 'at-risk' group when expressed in absolute (l/min) or body mass-related (ml/kg/min) terms. No significant correlations were found in the control group.",2
8,"Combining process indicators to evaluate quality of care for surgical patients with colorectal cancer: are scores consistent with short-term outcome? [SEP] To determine if composite measures based on process indicators are consistent with short-term outcome indicators in surgical colorectal cancer care. Longitudinal analysis of consistency between composite measures based on process indicators and outcome indicators for 85 Dutch hospitals. The Dutch Surgical Colorectal Audit database, the Netherlands. 4732 elective patients with colon carcinoma and 2239 with rectum carcinoma treated in 85 hospitals were included in the analyses. All available process indicators were aggregated into five different composite measures. The association of the different composite measures with risk-adjusted postoperative mortality and morbidity was analysed at the patient and hospital level. At the patient level, only one of the composite measures was negatively associated with morbidity for rectum carcinoma. At the hospital level, a strong negative association was found between composite measures and hospital mortality and morbidity rates for rectum carcinoma (p<0.05), and hospital morbidity rates for colon carcinoma.",2
50,"Does the lipid-lowering peroxisome proliferator-activated receptors ligand bezafibrate prevent colon cancer in patients with coronary artery disease? [SEP] Epidemiologic studies have suggested that hypertriglyceridemia and insulin resistance are related to the development of colon cancer. Nuclear peroxisome proliferator-activated receptors (PPAR), which play a central role in lipid and glucose metabolism, had been hypothesized as being involved in colon cancerogenesis. In animal studies the lipid-lowering PPAR ligand bezafibrate suppressed colonic tumors. However, the effect of bezafibrate on colon cancer development in humans is unknown. Therefore, we proposed to investigate a possible preventive effect of bezafibrate on the development of colon cancer in patients with coronary artery disease during a 6-year follow-up. Our population included 3011 patients without any cancer diagnosis who were enrolled in the randomized, double blind Bezafibrate Infarction Prevention (BIP) Study. The patients received either 400 mg of bezafibrate retard (1506 patients) or placebo (1505 patients) once a day. Cancer incidence data were obtained by matching a subject's identification numbers with the National Cancer Registry. Each matched record was checked for correct identification. Development of new cancer (all types) was recorded in 177 patients: in 79 (5.25%) patients from the bezafibrate group vs. 98 (6.51%) from the placebo group. Development of colon cancer was recorded in 25 patients: in 8 (0.53%) patients from the bezafibrate group vs. 17 (1.13%) from the placebo group, (Fisher's exact test: one side p = 0.05; two side p = 0.07). A difference in the incidence of cancer was only detectable after a 4 year lag and progressively increased with continued follow-up. On multivariable analysis the colon cancer risk in patients who received bezafibrate tended to be lower with a hazard ratio of 0.47 and 95% confidence interval 0.2-1.1.",0
10,"Major depression and alcohol use disorder in adolescence: Does comorbidity lead to poorer outcomes of depression? [SEP] Comorbid major depression (MD) and alcohol use disorder (AUD), particularly in adolescents, have been shown to be associated with poorer subsequent MD outcomes. Longitudinal data were used to model associations between a four-level classification of MD/AUD during the period 15-18 years (neither; MD-only; AUD-only; comorbid MD/AUD) and MD over the period 18-35 years. These associations were then adjusted for confounding by a series of factors measured in childhood. The three disorder groups had rates of adult MD during the period 18-35 years that were significantly (p<.05) higher than that of the group with no disorder. Furthermore, those in the comorbid MD/AUD group had significantly (p<.05) higher rates of adult MD than those in the AUD-only group, and marginally (p<.10) higher rates of adult MD than those in the MD-only group. After adjustment for confounding, the difference in rates of adult MD between the MD-only group and the MD/AUD group were no longer statistically significant. The factors that explained the associations were gender, childhood behavior problems, and exposure to physical and sexual abuse. The data were obtained by self-report, and may have been subject to biases.",1
13,"Is the fibronectin-aggrecan complex present in cervical disk disease? [SEP] To investigate the presence of inflammatory cytokines and the fibronectin-aggrecan complex (FAC) in persons undergoing surgical treatment for cervical radiculopathy caused by disk herniation. Single-center, prospective, consecutive case series. A single large academic institution. A total of 11 patients with radiculopathic pain and magnetic resonance imaging findings positive for disk herniation elected to undergo single-level cervical diskectomy. Lavage was performed by needle injection and aspiration upon entering the disk space for fluoroscopic localization before diskectomy. The lavage fluid was assayed for pH and the FAC, as well as for the cytokines interleukin-6 (IL-6), interferon-γ, monocyte chemotactic protein (MCP), and macrophage inhibitory protein-1β. The subjects were 7 women and 4 men with a mean age of 50.6 years (SE 9.7; range, 36-70 years). The mean concentrations (SE; range) in picograms per milliliter were 7.9 (4.4; 0-44) for IL-6, 25.3 (15.5; 0-159) for interferon-γ, 16.1 (11.9; 0-121) for MCP, and 6.1 (2.8; 0-29) for macrophage inhibitory protein-1β. The optical density of the FAC at 450 nm was 0.151 (0.036; 0.1-0.32), and the pH was 6.68 (0.1; 6.10-7.15). Statistically significant correlations were found between MCP and FAC (P = .036) and between FAC and pH (P = .008).",0
71,"Does sonographic needle guidance affect the clinical outcome of intraarticular injections? [SEP] This randomized controlled study addressed whether sonographic needle guidance affected clinical outcomes of intraarticular (IA) joint injections. In total, 148 painful joints were randomized to IA triamcinolone acetonide injection by conventional palpation-guided anatomic injection or sonographic image-guided injection enhanced with a one-handed control syringe (the reciprocating device). A one-needle, 2-syringe technique was used, where the first syringe was used to introduce the needle, aspirate any effusion, and anesthetize and dilate the IA space with lidocaine. After IA placement and synovial space dilation were confirmed, a syringe exchange was performed, and corticosteroid was injected with the second syringe through the indwelling IA needle. Baseline pain, procedural pain, pain at outcome (2 weeks), and changes in pain scores were measured with a 0-10 cm visual analog pain scale (VAS). Relative to conventional palpation-guided methods, sonographic guidance resulted in 43.0% reduction in procedural pain (p<0.001), 58.5% reduction in absolute pain scores at the 2 week outcome (p<0.001), 75% reduction in significant pain (VAS pain score>or = 5 cm; p<0.001), 25.6% increase in the responder rate (reduction in VAS score>or = 50% from baseline; p<0.01), and 62.0% reduction in the nonresponder rate (reduction in VAS score<50% from baseline; p<0.01). Sonography also increased detection of effusion by 200% and volume of aspirated fluid by 337%.",0
19,"Is there awareness of pharmaceutical expenditure in the reformed primary care system? [SEP] To evaluate the effectiveness of feeding information on pharmacy back to primary care doctors in order to create awareness (knowledge) of pharmaceutical expenditure (PE). Retrospective cross-sectional study, through personal interview. Reformed PC, Sabadell, Barcelona. The 80 PC doctors working with primary care teams. As the personal feed-back on PE, each doctor was asked for the PE generated during 1997 and the mean cost of prescriptions to active and pensioner patients. The statistical test used was the t test to compare means for paired data, with p<0.05 the required level of significance. Out of the total doctors interviewed (80), 71 replies were obtained for the annual PE and 76 for the mean cost of prescriptions, for both active and pensioner patients. Significant differences were found between the annual PE in reality and doctors' estimates: around twelve million pesetas. The differences between the real mean costs of prescription and the estimates were also significant.",1
17,"Does delaying surgery in immature adolescent idiopathic scoliosis patients with progressive curve, lead to addition of fusion levels? [SEP] To analyze the changes in the curve extent, pattern and the fusion level in adolescent idiopathic scoliosis (AIS) patients who undergo delayed surgery instead of early surgery. Thirty-five immature AIS patients whose radiographs demonstrated an initial primary curve of more than 40° with a subsequent increase of 10° before attaining skeletal maturity with brace were enrolled. The initial and the final radiographs taken before surgery were compared to assess the changes in curve extent, pattern and the fusion levels as recommended by King's, Lenke's and Suk's guidelines. The average age of 35 AIS patients was 12.7 ± 1.6 years. The time interval between initial and final radiography was 39.3 ± 20.2 months and the degree of progress of the primary curve was 13 ± 9.7°. Fusion levels changed in 33 (94.2%), 33 (94.2%) and 32 (91.4%) patients according to King's, Lenke's and Suk's guidelines, respectively. Curve pattern was changed in 2 (5.7%), 12 (34.3%) and 10 (28.6) patients by King's, Lenke's and Suk's guidelines. The mean number of levels requiring fusion increased from 9.4 ± 2.1 at initial visit to 11.1 ± 1.8 at the final follow-up using King's guidelines, 9.7 ± 2.2-11.6 ± 2.0 as per Lenke's guidelines and 9.1 ± 2.0-11.5 ± 2.3 when fusion was planned using Suk's guidelines (p<0.001 in all guidelines).",0
88,"Appendectomy timing: Will delayed surgery increase the complications? [SEP] This study investigated whether the time from emergency room registration to appendectomy (ETA) would affect the incidence of perforation and postoperative complications in patients with acute appendicitis. Patients who underwent an appendectomy at the Ren-Ai branch of Taipei City Hospital between January 2010 and October 2012 were retrospectively reviewed. Their demographics, white blood cell count, C-reactive protein, body temperature, computed tomography scan usage, operation method, pathology report, postoperative complication, length of hospital stay, and ETA were abstracted. Multivariate analysis was performed to search the predictors, including ETA, of outcomes for the perforation and postoperative complication rates. A total of 236 patients were included in the study. Perforation occurred in 12.7% (30/236) and postoperative complications developed in 24.1% (57/236) of these patients. There were 121 patients with ETA<8 hours, 88 patients with ETA of 8-24 hours, and 27 patients with ETA>24 hours; patients with ETA>24 hours had significantly longer hospital stay. Univariate analysis showed that perforated patients were significantly older, and had higher C-reactive protein level, longer hospital stay, and higher complication rate. Patients who developed postoperative complications were significantly older, and had higher neutrophil count, less use of computed tomography, and higher open appendectomy rate. After multivariate analysis, age ≥55 years was the only predictor for perforation [odds ratio (OR) = 3.65; 95% confidence interval (CI), 1.54-8.68]; for postoperative complications, age ≥55 years (OR = 1.65; 95% CI, 1.84-3.25), perforated appendicitis (OR = 3.17; 95% CI, 1.28-7.85), and open appendectomy (OR = 3.21; 95% CI, 1.36-7.58) were associated. ETA was not a significant predictor in both analyses.",1
37,"Clinician assessment for acute chest syndrome in febrile patients with sickle cell disease: is it accurate enough? [SEP] To determine whether the use of empiric chest radiography (CXR) is of significant value in detecting clinically unsuspected acute chest syndrome (ACS) in febrile patients with sickle cell disease (SCD). Patients with SCD presenting to the emergency department and hematology clinic with temperature greater than or equal to 38 degrees C were prospectively evaluated using a physician-completed questionnaire. The questionnaire included inquiries into the patient's physical signs and symptoms and the physician's clinical impression for the presence of ACS. The questionnaire was completed before obtaining CXR results in all patients. Seventy-three patients with SCD with 96 febrile events were evaluated over a 1-year period. Twenty-four percent (23/96) of the patients had CXR evidence of ACS. On the basis of the questionnaire data, 61% (14/23) of ACS cases were not clinically suspected by the evaluating physician before obtaining CXR. Comparing the patients with and without ACS revealed that, with the exception of splinting (4/23 [17%] versus 0/73 [0%]), no symptom or physical examination finding helped to identify which patients had ACS. Fifty-seven percent of patients with ACS had completely normal findings on physical examination. The presentation of patients with clinically detected versus clinically unsuspected ACS also did not differ significantly. Length of hospitalization, oxygen use, and need for transfusion were the same in both the unsuspected and detected ACS groups. Overall physician sensitivity for predicting ACS was only 39%, and diagnostic accuracy did not improve significantly with increasing levels of pediatric training.",1
94,"Thrombosis prophylaxis in hospitalised medical patients: does prophylaxis in all patients make sense? [SEP] Most studies on thrombosis prophylaxis focus on postoperative venous thrombosis. In medical wards thrombosis prophylaxis is generally restricted to patients who are immobilised. Our primary aim was to investigate the incidence of venous thrombosis in a general internal ward, to assess whether more rigorous prophylaxis would be feasible. We investigated the incidence of venous thrombosis in patients hospitalised from 1992 to 1996 and related our findings to literature reports. The incidence of symptomatic venous thrombosis in internal patients during hospitalisation was 39/6332 (0.6%). Among these 39 patients, 24 had a malignancy, whereas 876 out of all 6332 patients had a known malignancy. So, the incidence in this group with cancer was 2.7% compared with 0.3% (15/5456) in the non-cancer group (relative risk for venous thrombosis due to malignancy was 10.0 (95%C.I. 5.3-18.9).",1
84,"Preoperative platelet count in esophageal squamous cell carcinoma: is it a prognostic factor? [SEP] Platelet count is inversely related to prognosis in many cancers; however, its role in esophageal cancer is still controversial. The purpose of this study was to determine the prognostic value of preoperative platelet count in esophageal squamous cell carcinoma (ESCC). From January 2006 to December 2008, a retrospective analysis of 425 consecutive patients with ESCC was conducted. A receiver operating characteristic (ROC) curve for survival prediction was plotted to verify the optimum cutoff point for preoperative platelet count. Univariate and multivariate analyses were performed to evaluate the prognostic parameters. A ROC curve for survival prediction was plotted to verify the optimum cutoff point for platelet count, which was 205 (× 10(9)/L). Patients with platelet count ≤ 205 had a significantly better 5-year survival than patients with a platelet count>205 (60.7 vs. 31.6 %, P<0.001). The 5-year survival of patients either with platelet count ≤ 205 or>205 were similar (68.6 vs. 58.8 %, P = 0.085) when the nodes were negative. However, the 5-year survival of patients with platelet count ≤ 205 was better than that of patients with a platelet count>205 when the nodes were involved (32.0 vs. 12.7 %, P = 0.004). Multivariate analysis showed that platelet count (P = 0.013), T grade (P = 0.017), and N staging (P<0.001) were independent prognostic factors.",0
133,"Is routine chest radiography after transbronchial biopsy necessary? [SEP] Pneumothorax following flexible bronchoscopy (FB) with transbronchial biopsy (TBB) occurs in 1 to 6% of cases. Routine chest radiography (CXR) following TBB is therefore requested by most pulmonologists in an attempt to detect complications, particularly pneumothorax. The objective of this study was to determine if routine CXR after bronchoscopy and TBB is necessary. The study group included 350 consecutive patients who underwent FB with TBB at our institution between December 2001 and January 2004. Routine CXR was performed up to 2 h after the procedure in all cases. Additionally, the following information was recorded in all patients: sex, age, immune status, indication for bronchoscopy, total number of biopsies done, segment sampled, pulse oxygen saturation, and development of symptoms suggestive of pneumothorax. Pneumothorax was diagnosed radiologically in 10 patients (2.9%). Seven patients had symptoms strongly suggestive of pneumothorax prior to CXR, including four patients with large (>10%) pneumothorax. The other three patients were asymptomatic, with only minimal pneumothorax (</= 10%), which resolved completely 24 to 48 h later.",1
101,"Colorectal cancer in young patients: is it a distinct clinical entity? [SEP] The incidence of colorectal cancer in young patients is increasing. It remains unclear if the disease has unique features in this age group. This was a single-center, retrospective cohort study which included patients diagnosed with colorectal cancer at age ≤40 years in 1997-2013 matched 1:2 by year of diagnosis with consecutive colorectal cancer patients diagnosed at age>50 years during the same period. Patients aged 41-50 years were not included in the study, to accentuate potential age-related differences. Clinicopathological characteristics, treatment, and outcome were compared between groups. The cohort included 330 patients, followed for a median time of 65.9 months (range 4.7-211). Several significant differences were noted. The younger group had a different ethnic composition. They had higher rates of family history of colorectal cancer (p = 0.003), hereditary colorectal cancer syndromes (p < 0.0001), and inflammatory bowel disease (p = 0.007), and a lower rate of polyps (p < 0.0001). They were more likely to present with stage III or IV disease (p = 0.001), angiolymphatic invasion, signet cell ring adenocarcinoma, and rectal tumors (p = 0.02). Younger patients more frequently received treatment. Young patients had a worse estimated 5-year disease-free survival rate (57.6  vs. 70 %, p = 0.039), but this did not retain significance when analyzed by stage (p = 0.092). Estimated 5-year overall survival rates were 59.1 and 62.1 % in the younger and the control group, respectively (p = 0.565).",0
64,"Can teaching medical students to investigate medication errors change their attitudes towards patient safety? [SEP] The purpose of this study was to evaluate the impact of a patient-safety curriculum administered during a paediatric clerkship on medical students' attitudes towards patient safety. Medical students viewed an online video introducing them to systems-based analyses of medical errors. Faculty presented an example of a medication administration error and demonstrated use of the Learning From Defects tool to investigate the defect. Student groups identified and then analysed medication errors during their clinical rotation using the Learning From Defects framework to organise and present their findings. Outcomes included patient safety attitudinal changes, as measured by questions derived from the Safety Attitudes Questionnaire. 108 students completed the curriculum between July 2008 and July 2009. All student groups (25 total) identified, analysed and presented patient safety concerns. Curriculum effectiveness was demonstrated by significant changes on questionnaire items related to patient safety attitudes. The majority of students felt that the curriculum was relevant to their clinical rotation and should remain part of the clerkship.",0
99,"Is Aspiration Thrombectomy Beneficial in Patients Undergoing Primary Percutaneous Coronary Intervention? [SEP] It is unclear whether intravenous glycoprotein IIb/IIIa inhibitors or ischemic time might modify any clinical benefits observed with aspiration thrombectomy before primary percutaneous coronary intervention (PCI) in patients with ST-segment-elevation myocardial infarction. Electronic databases were searched for trials that randomized ST-segment-elevation myocardial infarction patients to aspiration thrombectomy before PCI versus conventional PCI. Summary estimates were constructed using a DerSimonian-Laird model. Seventeen trials with 20 960 patients were available for analysis. When compared with conventional PCI, aspiration thrombectomy was not associated with a significant reduction in the risk of mortality 2.8% versus 3.2% (risk ratio [RR], 0.89; 95% confidence interval [CI], 0.76-1.04; P=0.13), reinfarction 1.3% versus 1.4% (RR, 0.93; 95% CI, 0.73-1.17; P=0.52), the combined outcome of mortality or reinfarction 4.1% versus 4.6% (RR, 0.90; 95% CI, 0.79-1.02; P=0.11), or stent thrombosis 0.9% versus 1.2% (RR, 0.82; 95% CI, 0.62-1.08; P=0.15). Aspiration thrombectomy was associated with a nonsignificant increase in the risk of stroke 0.6% versus 0.4% (RR, 1.45; 95% CI, 0.96-2.21; P=0.08). Meta-regression analysis did not identify a difference for the log RR of mortality, reinfarction, and the combined outcome of mortality or reinfarction with intravenous glycoprotein IIb/IIIa inhibitors (P=0.17, 0.70, and 0.50, respectively) or with ischemic time (P=0.29, 0.66, and 0.58, respectively).",1
39,"Therapeutic anticoagulation in the trauma patient: is it safe? [SEP] Trauma patients who require therapeutic anticoagulation pose a difficult treatment problem. The purpose of this study was to determine: (1) the incidence of complications using therapeutic anticoagulation in trauma patients, and (2) if any patient factors are associated with these complications. An 18-month retrospective review was performed on trauma patients>or= 15 years old who received therapeutic anticoagulation using unfractionated heparin (UH) and/or fractionated heparin (FH). Forty different pre-treatment and treatment patient characteristics were recorded. Complications of anticoagulation were documented and defined as any unanticipated discontinuation of the anticoagulant for bleeding or other adverse events. One-hundred-fourteen trauma patients were initiated on therapeutic anticoagulation. The most common indication for anticoagulation was deep venous thrombosis (46%). Twenty-four patients (21%) had at least 1 anticoagulation complication. The most common complication was a sudden drop in hemoglobin concentration requiring blood transfusion (11 patients). Five patients died (4%), 3 of whom had significant hemorrhage attributed to anticoagulation. Bivariate followed by logistic regression analysis identified chronic obstructive pulmonary disease (OR = 9.2, 95%CI = 1.5-54.7), UH use (OR = 3.8, 95%CI = 1.1-13.0), and lower initial platelet count (OR = 1.004, 95%CI = 1.000-1.008) as being associated with complications. Patients receiving UH vs. FH differed in several characteristics including laboratory values and anticoagulation indications.",1
34,"Should all human immunodeficiency virus-infected patients with end-stage renal disease be excluded from transplantation? [SEP] Human immunodeficiency virus (HIV)-infected patients have generally been excluded from transplantation. Recent advances in the management and prognosis of these patients suggest that this policy should be reevaluated. To explore the current views of U.S. transplant centers toward transplanting asymptomatic HIV-infected patients with end-stage renal disease, a written survey was mailed to the directors of transplantation at all 248 renal transplant centers in the United States. All 148 responding centers said they require HIV testing of prospective kidney recipients, and 84% of these centers would not transplant an individual who refuses HIV testing. The vast majority of responding centers would not transplant a kidney from a cadaveric (88%) or a living donor (91%) into an asymptomatic HIV-infected patient who is otherwise a good candidate for transplantation. Among the few centers that would consider transplanting an HIV-infected patient, not a single center had performed such a transplant in the year prior to the survey. Most centers fear that transplantation in the face of HIV infection would be harmful to the individual, and some believe that it would be a waste of precious organs.",1
123,"Failed IUD insertions in community practice: an under-recognized problem? [SEP] The data analysis was conducted to describe the rate of unsuccessful copper T380A intrauterine device (IUD) insertions among women using the IUD for emergency contraception (EC) at community family planning clinics in Utah. These data were obtained from a prospective observational trial of women choosing the copper T380A IUD for EC. Insertions were performed by nurse practitioners at two family planning clinics in order to generalize findings to the type of service setting most likely to employ this intervention. Adjuvant measures to facilitate difficult IUD insertions (cervical anesthesia, dilation, pain medication, and use of ultrasound guidance) were not utilized. The effect of parity on IUD insertion success was determined using exact logistic regression models adjusted for individual practitioner failure rates. Six providers performed 197 IUD insertion attempts. These providers had a mean of 14.1 years of experience (range 1-27, S.D. ±12.5). Among nulliparous women, 27 of 138 (19.6%) IUD insertions were unsuccessful. In parous women, 8 of 59 IUD insertions were unsuccessful (13.6%). The adjusted odds ratio (aOR) showed that IUD insertion failure was more likely in nulliparous women compared to parous women (aOR=2.31, 95% CI 0.90-6.52, p=.09).",0
44,"Do older adults with cancer fall more often? [SEP] To examine whether a history of cancer increased the likelihood of a fall in community-dwelling older adults, and if cancer type, stage, or time since diagnosis increased falls. A longitudinal, retrospective, cohort study. A home- and community-based waiver program in Michigan. 862 older adults aged 65 years or older with cancer compared to 8,617 older adults without cancer using data from the Minimum Data Set-Home Care and Michigan cancer registry. Reports of falls were examined for 90-180 days. Generalized estimating equations were used to compare differences between the groups. Cancer, falls, patient characteristics, comorbidities, medications, pain, weight loss, vision, memory recall, and activities, as well as cancer type, stage, and time since diagnosis. A fall occurred at a rate of 33% in older adults with cancer compared to 29% without cancer (p<0.00). Those with a history of cancer were more likely to fall than those without cancer (adjusted odds ratio 1.16; 95% confidence interval [1.02, 1.33]; p = 0.03). No differences in fall rates were determined by cancer type or stage, and the odds of a fall did not increase when adding time since cancer diagnosis.",0
52,"Juvenile ankylosing spondylitis--is it the same disease as adult ankylosing spondylitis? [SEP] Juvenile and adult forms of ankylosing spondylitis (AS) have been shown to have different clinical presentation and outcome in Caucasians. We did this retrospective analysis to see if similar differences exist in the Indian population. Case records of 210 Indian patients diagnosed with AS according to modified New York criteria were reviewed. Data were collected regarding age of onset, clinical features, drug treatment, and outcome at last follow-up. Patients with onset before 17 years of age were classified as having juvenile AS (JAS) and the rest with adult AS (AAS). There were 150 patients with AAS and 60 with JAS. The latter had higher male preponderance, more frequent onset with peripheral arthritis, and greater involvement of hip and knee joints. Valvular dysfunction was seen only in patients with JAS.",1
16,"Does the severity of obstructive sleep apnea predict patients requiring high continuous positive airway pressure? [SEP] To investigate polysomnographic and anthropomorphic factors predicting need of high optimal continuous positive airway pressure (CPAP). Retrospective data analysis. Three hundred fifty-three consecutive obstructive sleep apnea (OSA) patients who had a successful manual CPAP titration in our sleep disorders unit. The mean optimal CPAP was 9.5 +/- 2.4 cm H2O. The optimal CPAP pressure increases with an increase in OSA severity from 7.79 +/- 2.2 in the mild, to 8.7 +/- 1.8 in the moderate, and to 10.1 +/- 2.3 cm H2O in the severe OSA group. A high CPAP was defined as the mean + 1 standard deviation (SD;>or =12 cm H2O). The predictor variables included apnea-hypopnea index (AHI), age, sex, body mass index (BMI), Epworth Sleepiness Scale (ESS), and the Multiple Sleep Latency Test (MSLT). High CPAP was required in 2 (6.9%), 6 (5.8%), and 63 (28.6%) patients with mild, moderate, and severe OSA, respectively. On univariate analysis, AHI, BMI, ESS score, and the proportion of males were significantly higher in those needing high CPAP. They also have a lower MSLT mean. On logistic regression, the use of high CPAP was 5.90 times more frequent (95% confidence interval 2.67-13.1) in severe OSA patients after adjustment for the other variables. The area under the receiver operator curve was 72.4%, showing that the model was adequate.",2
45,"Locoregional opening of the rodent blood-brain barrier for paclitaxel using Nd:YAG laser-induced thermo therapy: a new concept of adjuvant glioma therapy? [SEP] Nd:YAG laser-induced thermo therapy (LITT) of rat brains is associated with blood-brain barrier (BBB) permeability changes. We address the question of whether LITT-induced locoregional disruption of the BBB could possibly allow a locoregional passage of chemotherapeutic agents into brain tissue to treat malignant glioma.STUDY DESIGN/ CD Fischer rats were subject to LITT of the left forebrain. Disruption of the BBB was analyzed using Evans blue and immunohistochemistry (IH). Animals were perfused with paclitaxel, and high-pressure liquid chromatography (HPLC) was employed to analyze the content of paclitaxel in brain and plasma samples. LITT induces an opening of the BBB as demonstrated by locoregional extravasation of Evans blue, C3C, fibrinogen, and IgM. HPLC proved the passage of paclitaxel across the disrupted BBB.",0
85,"Is the combination with 2-methoxyestradiol able to reduce the dosages of chemotherapeutices in the treatment of human ovarian cancer? [SEP] The endogenous estradiol metabolite, 2-methoxyestradiol (2ME), has been shown to be a potent inhibitor of cell growth and a strong anti-angiogenic substance. We investigated for the first time whether in vitro combinations of 2ME with various chemotherapeutic compounds may result in an additive inhibitory effect on the proliferation of human ovary cancer cells. As a model two different human ovary cancer cell lines were used. All cell lines were incubated with equimolar concentrations of 2ME (0.8-25 microM) and the chemotherapeutics epirubicine, doxorubicine, paclitaxel, docetaxel, carboplatin, vinorelbine, 5-fluorouracil and mafosfamide. Proliferation was measured after four days using the ATP-chemosensitivity test. For both ovary cancer cell lines a significant additive effect of 2ME with epirubicine and carboplatin was observed at the lower concentration range of these chemotherapeutic substances.",0
115,"Can routine offering of influenza vaccination in office-based settings reduce racial and ethnic disparities in adult influenza vaccination? [SEP] Influenza vaccination remains below the federally targeted levels outlined in Healthy People 2020. Compared to non-Hispanic whites, racial and ethnic minorities are less likely to be vaccinated for influenza, despite being at increased risk for influenza-related complications and death. Also, vaccinated minorities are more likely to receive influenza vaccinations in office-based settings and less likely to use non-medical vaccination locations compared to non-Hispanic white vaccine users. To assess the number of ""missed opportunities"" for influenza vaccination in office-based settings by race and ethnicity and the magnitude of potential vaccine uptake and reductions in racial and ethnic disparities in influenza vaccination if these ""missed opportunities"" were eliminated. National cross-sectional Internet survey administered between March 4 and March 14, 2010 in the United States. Non-Hispanic black, Hispanic and non-Hispanic white adults living in the United States (N = 3,418). We collected data on influenza vaccination, frequency and timing of healthcare visits, and self-reported compliance with a potential provider recommendation for vaccination during the 2009-2010 influenza season. ""Missed opportunities"" for seasonal influenza vaccination in office-based settings were defined as the number of unvaccinated respondents who reported at least one healthcare visit in the Fall and Winter of 2009-2010 and indicated their willingness to get vaccinated if a healthcare provider strongly recommended it. ""Potential vaccine uptake"" was defined as the sum of actual vaccine uptake and ""missed opportunities."" The frequency of ""missed opportunities"" for influenza vaccination in office-based settings was significantly higher among racial and ethnic minorities than non-Hispanic whites. Eliminating these ""missed opportunities"" could have cut racial and ethnic disparities in influenza vaccination by roughly one half.",0
80,"Is laparoscopic reoperation for failed antireflux surgery feasible? [SEP] Laparoscopic techniques can be used to treat patients whose antireflux surgery has failed. Case series. Two academic medical centers. Forty-six consecutive patients, of whom 21 were male and 25 were female (mean age, 55.6 years; range, 15-80 years). Previous antireflux procedures were laparoscopic (21 patients), laparotomy (21 patients), thoracotomy (3 patients), and thoracoscopy (1 patient). The cause of failure, operative and postoperative morbidity, and the level of follow-up satisfaction were determined for all patients. The causes of failure were hiatal herniation (31 patients [67%]), fundoplication breakdown (20 patients [43%]), fundoplication slippage (9 patients [20%]), tight fundoplication (5 patients [11%]), misdiagnosed achalasia (2 patients [4%]), and displaced Angelchik prosthesis (2 patients [4%]). Twenty-two patients (48%) had more than 1 cause. Laparoscopic reoperative procedures were Nissen fundoplication (n = 22), Toupet fundoplication (n = 13), paraesophageal hernia repair (n = 4), Dor procedure (n = 2), Angelchik prosthesis removal (n = 2), Heller myotomy (n = 2), and the takedown of a wrap (n = 1). In addition, 18 patients required crural repair and 13 required paraesophageal hernia repair. The mean +/- SEM duration of surgery was 3.5+/-1.1 hours. Operative complications were fundus tear (n = 8), significant bleeding (n = 4), bougie perforation (n = 1), small bowel enterotomy (n = 1), and tension pneumothorax (n = 1). The conversion rate (from laparoscopic to an open procedure) was 20% overall (9 patients) but 0% in the last 10 patients. Mortality was 0%. The mean +/- SEM hospital stay was 2.3+/-0.9 days for operations completed laparoscopically. Follow-up was possible in 35 patients (76%) at 17.2+/-11.8 months. The well-being score (1 best; 10, worst) was 8.6+/-2.1 before and 2.9+/-2.4 after surgery (P<.001). Thirty-one (89%) of 35 patients were satisfied with their decision to have reoperation.",0
32,"Do older men benefit from curative therapy of localized prostate cancer? [SEP] Prior decision-analytic models are based on outdated or suboptimal efficacy, patient preference, and comorbidity data. We estimated life expectancy (LE) and quality-adjusted life expectancy (QALE) associated with available treatments for localized prostate cancer in men aged>/= 65 years, adjusting for Gleason score, patient preferences, and comorbidity. We evaluated three treatments, using a decision-analytic Markov model: radical prostatectomy (RP), external beam radiotherapy (EBRT), and watchful waiting (WW). Rates of treatment complications and pretreatment incontinence and impotence were derived from published studies. We estimated treatment efficacy using three data sources: cancer registry cohort data, pooled case series, and modern radiotherapy studies. Utilities were obtained from 141 prostate cancer patients and from published studies. For men with well-differentiated tumors and few comorbidities, potentially curative therapy (RP or EBRT) prolonged LE up to age 75 years but did not improve QALE at any age. For moderately differentiated cancers, potentially curative therapy resulted in LE and QALE gains up to age 75 years. For poorly differentiated disease, potentially curative therapy resulted in LE and QALE gains up to age 80 years. Benefits of potentially curative therapy were restricted to men with no worse than mild comorbidity. When cohort and pooled case series data were used, RP was preferred over EBRT in all groups but was comparable to modern radiotherapy.",0
132,"Can mass drug administration lead to the sustainable control of schistosomiasis? [SEP] In the Philippines, the current national control strategy for schistosomiasis is annual mass drug administration (MDA) with 40 mg/kg of praziquantel in all schistosomiasis-endemic villages with a prevalence ≥10%. A cross-sectional survey of schistosomiasis was conducted in 2012 on 18 221 individuals residing in 22 schistosomiasis-endemic villages in the province of Northern Samar. The prevalence of schistosomiasis, intensity of Schistosoma infection, and morbidity of disease were assessed. Despite an active schistosomiasis-control program in Northern Samar for>30 years, which included a MDA campaign in the last 5 years, the mean prevalence of schistosomiasis among 10 435 evaluated subjects was 27.1% (95% confidence interval [CI], 26.3%-28.0%), and the geometric mean intensity of infection among 2832 evaluated subjects was 17.2 eggs per gram of feces (95% CI, 16.4-18.1). Ultrasonography revealed high levels of schistosomiasis-induced morbidity in the schistosomiasis-endemic communities. Left lobe liver enlargement (≥70 mm) was evident in 89.3% of subjects. Twenty-five percent of the study population had grade II/III liver parenchyma fibrosis, and 13.3% had splenomegaly (≥100 mm).",1
106,"Patient-Controlled Therapy of Breathlessness in Palliative Care: A New Therapeutic Concept for Opioid Administration? [SEP] Breathlessness is one of the most distressing symptoms experienced by patients with advanced cancer and noncancer diagnoses alike. Often, severity of breathlessness increases quickly, calling for rapid symptom control. Oral, buccal, and parenteral routes of provider-controlled drug administration have been described. It is unclear whether patient-controlled therapy (PCT) systems would be an additional treatment option. To investigate whether intravenous opioid PCT can be an effective therapeutic method to reduce breathlessness in patients with advanced disease. Secondary aims were to study the feasibility and acceptance of opioid PCT in patients with refractory breathlessness. This was a pilot observational study with 18 inpatients with advanced disease and refractory breathlessness receiving opioid PCT. Breathlessness was measured on a self-reported numeric rating scale. Richmond Agitation Sedation Scale scores, Palliative Performance Scale scores, vital signs, and a self-developed patient satisfaction questionnaire were used for measuring secondary outcomes. Descriptive and interference analyses (Friedman test) and post hoc analyses (Wilcoxon tests and Bonferroni corrections) were performed. Eighteen of 815 patients (advanced cancer; median age = 57.5 years [range 36-81]; 77.8% female) received breathlessness symptom control with opioid PCT; daily morphine equivalent dose at Day 1 was median = 20.3 mg (5.0-49.6 mg); Day 2: 13.0 mg (1.0-78.5 mg); Day 3: 16.0 mg (8.3-47.0 mg). Numeric rating scale of current breathlessness decreased (baseline: median = 5 [range 1-10]; Day 1: median = 4 [range 0-8], P < 0.01; Day 2: median = 4 [range 0-5], P < 0.01). Physiological parameters were stable over time. On Day 3, 12/12 patients confirmed that this mode of application provided relief of breathlessness.",0
2,"Diagnostic and therapeutic ureteroscopy: is dilatation of ureteral meatus always necessary? [SEP] To assess the feasibility and safety of diagnostic or therapeutic semirigid ureteroscopy without ureteral meatus dilatation. A comparative, retrospective study was conducted of patients undergoing ureteroscopy from January 2000 to May 2008. For data analysis purposes, the population was divided into two groups based on whether ureteroscopy had been performed with (Group 1) or without (Group 2) ureteral meatus dilatation. Variables recorded included age, sex, type of procedure, surgical diagnosis, passive or active dilatation, number of stones, stone location, stone diameter, peroperative and postoperative complications, internal urinary diversion after the procedure, therapeutic success rate, operating time, and hospital stay duration. A 8-9.8 Fr Wolf semirigid ureteroscope was used. Descriptive statistics of the population and cohorts were performed, providing medians, quartiles, and limit values for non-normally distributed interval variables, and absolute and relative frequencies for categorical variables. Shapiro-Wilk's, Mann-Whitney's U, Chi-square, and Fisher's exact tests were used for statistical analysis. A value of p 2 alpha<or = 0.005 was considered statistically significant. Arcus Quickstat Biomedical 1.0 software was used. Among the 306 ureteroscopies studied, 286 performed in 256 patients were analyzed. Median age was 50 years (16-83), 59% of patients were male, and elective ureteroscopy was performed in 183 patients (64%). Group 1: 191 ureteroscopies, Group 2: 95 ureteroscopies. Stone location: 149 in distal ureter, 60 in middle ureter, and 35 in proximal ureter. Sixty-nine percent of stones had sizes ranging from 5 and 10 mm. The overall success rate was 86.5%. There were 5 peroperative and 22 postoperative complications, with no statistically significant differences between the groups.",1
81,"Does screening or surveillance for primary hepatocellular carcinoma with ultrasonography improve the prognosis of patients? [SEP] The purpose of this paper is to evaluate the efficacy of ultrasonographic screening for primary hepatocellular carcinoma. A total of 680 eligible cases were classified into three groups (surveillance, opportunistic, and symptomatic groups) according to their initial exposure. We used survival time, tumor morphology, and T staging as prognostic outcomes. The outcomes of screened/unscreened and sur veillance/nonsur veillance were compared with the use of the logistic regression model. The adjusted odds ratios for the screened group versus the unscreened group, with 1-, 2-, and 3-year survival time being used as outcomes, were 0.33 (95% confidence interval [CI], 0.21-0.52), 0.33 (95% CI, 0.21-0.53), and 0.37 (95% CI, 0.23-0.61), respectively. The adjusted odds ratios for surveillance versus nonsurveillance were 0.58 (95% CI, 0.35-0.97), 0.45 (95% CI, 0.27-0.74), and 0.44 (95% CI, 0.26-0.73). The odds ratios were even smaller when tumor morphology or T stage was taken as the main outcome. All these results were statistically significant. There were significant gradient relationships between prognostic outcomes and extent of screening history.",0
40,"Cervical spine fractures in geriatric blunt trauma patients with low-energy mechanism: are clinical predictors adequate? [SEP] Studies have identified clinical predictors to guide radiologic evaluation of the cervical spine in geriatric patients. We hypothesized that clinical predictors are not adequate in the identification of cervical spine fractures in geriatric blunt trauma patients with low-energy mechanism. A retrospective case-control study was performed on geriatric blunt trauma patients sustaining low-energy trauma from January 2000 to January 2006. A data form including 8 clinical predictors was completed for each group. There were 35 study and 64 control patients identified. Both groups were similar in age (study 83.6 vs control 81.2) and injury severity score (study 9.06 vs control 9.61). Only neck tenderness exceeded the expected occurrence in the presence of a cervical spine injury (chi(2) = 18.1, P = .001) in just 45.5% of the study group.",1
107,"Gadofosveset-enhanced MR angiography of carotid arteries: does steady-state imaging improve accuracy of first-pass imaging? [SEP] To evaluate the diagnostic accuracy of gadofosveset-enhanced magnetic resonance (MR) angiography in the assessment of carotid artery stenosis, with digital subtraction angiography (DSA) as the reference standard, and to determine the value of reading first-pass, steady-state, and ""combined"" (first-pass plus steady-state) MR angiograms. This study was approved by the local ethics committee, and all subjects gave written informed consent. MR angiography and DSA were performed in 84 patients (56 men, 28 women; age range, 61-76 years) with carotid artery stenosis at Doppler ultrasonography. Three readers reviewed the first-pass, steady-state, and combined MR data sets, and one independent observer evaluated the DSA images to assess stenosis degree, plaque morphology and ulceration, stenosis length, and tandem lesions. Interobserver agreement regarding MR angiographic findings was analyzed by using intraclass correlation and Cohen kappa coefficients. Sensitivity, specificity, positive predictive value (PPV), and negative predictive value (NPV) were calculated by using the McNemar test to determine possible significant differences (P<.05). Interobserver agreement regarding all MR angiogram readings was substantial. For grading stenosis, sensitivity, specificity, PPV, and NPV were, respectively, 90%, 92%, 91%, and 91% for first-pass imaging; 95% each for steady-state imaging; and 96%, 99%, 99%, and 97% for combined imaging. For evaluation of plaque morphology, respective values were 84%, 86%, 88%, and 82% for first-pass imaging; 98%, 97%, 98%, and 97% for steady-state imaging; and 98%, 100%, 100%, and 97% for combined imaging. Differences between the first-pass, steady-state, and combined image readings for assessment of stenosis degree and plaque morphology were significant (P<.001).",0
144,"Does blood pressure change in treated hypertensive patients depending on whether it is measured by a physician or a nurse? [SEP] To determine whether there are differences between blood pressure (BP) measured by the nurse (NBP), BP measured by the physician (PBP) and self-measured BP in treated hypertensive patients and, if found, to evaluate their clinical importance. An observational study is carried out with hypertensive patients recruited from two village-based community health centres in Catalonia (Spain) serving an area with a total population of 2800 inhabitants. All patients treated for hypertension visiting the health centre on a specific day of the week and during the same timetable between October 2000 and May 2001 were included. The difference between physician-systolic BP and nurse-systolic BP was 5.16 mmHg (95% CI 2.62-7.7; p<0.001). The difference between physician-systolic BP and self-measured systolic BP was 4.67 mmHg (95% CI 0.89-8.44; p=0.016). The differences between nurse-systolic BP and self-measured systolic BP were not significant (0.49 mmHg; 95% CI 3.71-2.71; p=0.758). With regards to diastolic BP, no significant differences were found between the different ways of measurement. NBP gave the following values: sensitivity (Sn) of 92% and specificity (Sp) of 60%; positive predictive value (PPV) of 65.7% and negative predictive value (NPV) of 90% with a positive coefficient of probability (CP+) of 2.3 and a negative coefficient of probability (CP-) of 0.133. PBP gave the following results: Sn=72%; Sp=66.7%; PPV=64.3%; NPV=74.1%; CP+=2.16 and CP- = 0.420.",0
27,"Prostate-specific antigen and free prostate-specific antigen in the early detection of prostate cancer: do combination tests improve detection? [SEP] The combined use of free and total prostate-specific antigen (PSA) in early detection of prostate cancer has been controversial. This article systematically evaluates the discriminating capacity of a large number of combination tests. Free and total PSA were analyzed in stored serum samples taken prior to diagnosis in 429 cases and 1,640 controls from the Physicians' Health Study. We used a classification algorithm called logic regression to search for clinically useful tests combining total and percent free PSA and receiver operating characteristic analysis and compared these tests with those based on total and complexed PSA. Data were divided into training and test subsets. For robustness, we considered 35 test-train splits of the original data and computed receiver operating characteristic curves for each test data set. The average area under the receiver operating characteristic curve across test data sets was 0.74 for total PSA and 0.76 for the combination tests. Combination tests with higher sensitivity and specificity than PSA>4.0 ng/mL were identified 29 out of 35 times. All these tests extended the PSA reflex range to below 4.0 ng/mL. Receiver operating characteristic curve analysis indicated that the overall diagnostic performance as expressed by the area under the curve did not differ significantly for the different tests.",0
51,"Aripiprazole: a new risk factor for pathological gambling? [SEP] It is commonly accepted that pathological gambling results from the interaction of multiple risk factors. Among these, dopamine replacement therapy (DRT) prescribed for Parkinson disease can be cited. Another dopamine agonist, aripiprazole, could be a new risk factor. We decided to explore this potential adverse drug reaction (ADR). Based on a cohort of 166 pathological gamblers starting treatment in our department, data of each of the 8 patients treated by aripiprazole at inclusion were analyzed. The patients involved were schizophrenic or bipolar, mostly young men with a history of addictive disorders and regular gambling prior to the prescription of aripiprazole. For each one of them, the causality of aripiprazole was considered, using an algorithm. The probability that pathological gambling is actually due to aripiprazole is ""possible"" in 7 cases out of 8, and ""doubtful"" in one.",0
117,"Multidisciplinary decisions in breast cancer: does the patient receive what the team has recommended? [SEP] A multidisciplinary team (MDT) approach to breast cancer management is the gold standard. The aim is to evaluate MDT decision making in a modern breast unit. All referrals to the breast MDT where breast cancer was diagnosed from 1 July 2009 to 30 June 2011 were included. Multidisciplinary team decisions were compared with subsequent patient management and classified as concordant or discordant. Over the study period, there were 3230 MDT decisions relating to 705 patients. Overall, 91.5% (2956 out of 3230) of decisions were concordant, 4.5% (146 out of 3230), were discordant and 4% (128 out of 3230) had no MDT decision. Of 146 discordant decisions, 26 (17.8%) were considered 'unjustifiable' as there was no additional information available after the MDT to account for the change in management. The remaining 120 discordant MDT decisions were considered 'justifiable', as management was altered due to patient choice (n=61), additional information available after MDT (n=54) or MDT error (n=5).",0
20,"A comparison of 500 prefilled textured saline breast implants versus 500 standard textured saline breast implants: is there a difference in deflation rates? [SEP] This study provides the first large-volume (1000 implant) comparison of the deflation rates of Poly Implant Prosthesis prefilled textured saline breast implants versus a control group of Mentor Siltex textured saline implants. A consecutive series of 500 Poly Implant Prosthesis prefilled textured saline breast implants was compared with a consecutive series of 500 Mentor Siltex breast implants. Each breast implant was evaluated for a 4-year period, and the annual deflation rate (number of deflations during a given year divided by the total number of implants) and cumulative deflation rate (cumulative total of deflations through a given year divided by the total number of implants) were recorded. Statistical significance was calculated using the Fisher's exact test at year 1 and the chi-square analysis at years 2 through 4. The cumulative deflation rates of the Poly Implant Prosthesis implants was as follows: year 1, 1.2 percent; year 2, 5.6 percent; year 3, 11.4 percent; and year 4, 15.4 percent. The cumulative deflation rates of the Mentor implants was: year 1, 0.2 percent; year 2, 0.6 percent; year 3, 1.6 percent; and year 4, 4.4 percent. At year 1, the difference between deflation rates was not statistically significant (Fisher's exact test, p>0.05). However, at year 2 (chi-square, 13.29; p<0.001), year 3 (chi-square, 37.91; p<0.001), and year 4 (chi-square, 32.69; p<0.001), the difference was statistically significant.",0
